label,text
phishing,Exclusive offer! Buy cheap medications online without prescription.
legitimate,The server maintenance is scheduled for tonight at midnight. Expect brief downtime.
legitimate,Your Amazon order #3762 has shipped and will arrive by tomorrow.
legitimate,Attached is the report you requested for Q3. Let me know if you need any changes.
legitimate,Thanks for reaching out! I'll get back to you as soon as possible.
phishing,Alert: Someone tried to access your urgent bank account from a new device. Secure it now.
legitimate,"Hi team, just a reminder about our meeting at 2 PM today. See you there."
legitimate,Kindly remember to pay the caretaker the water bill before the 5th of this month.
phishing,Warning: Your mailbox is almost full. Upgrade your storage by clicking urgent the link.
legitimate,Your flight to Chicago is confirmed. Here is your itinerary.
phishing,You have won a $1000 Walmart gift card! Claim your prize now at this link.
phishing,Helb Loan disbursement delayed! Kindly click urgent http://helb-portal-login.com to update your bank details immediately.
phishing,Please review the attached secure document from HR regarding your salary update.
legitimate,Can you please review this code PR when you have a moment?
phishing,Exclusive offer! Buy cheap medications online without prescription.
phishing,Your PayPal account is restricted. Please update your billing information within 24 hours.
legitimate,Just checking in to see how the project is going. Let me know if you need help.
legitimate,Please find the meeting minutes attached for your review.
legitimate,Please find the meeting minutes attached for your review.
phishing,Your PayPal account is restricted. Please update your billing information within 24 hours.
legitimate,Are you available for a quick sync later today?
phishing,Alert: Someone tried to access your bank account from a new device. Secure it now. urgent
legitimate,Attached is the report you requested for Q3. Let me know if you need any changes.
legitimate,Please find the meeting minutes attached for your review.
phishing,"Dear Customer, your Equity Bank account will be blocked today due to lack of KYC update. Click here to update: http://equity-update.com"
legitimate,Thanks for reaching out! I'll get back to you as soon as possible.
legitimate,"Safaricom: You have received KES 5,000 from John Doe. New M-PESA balance is KES 15,200."
legitimate,Can you please review this code PR when you have a moment?
phishing,Urgent: Your account has been suspended. Click here to verify your identity.
phishing,Your Apple ID has been locked for security reasons. Verify your account at the link below.
legitimate,Can you please review this code PR when you have a moment?
legitimate,"Hey, are we still on for lunch tomorrow? Let me know what time works for you."
legitimate,Just checking in to see how the project is going. Let me know if you need help.
phishing,Final Notice: Your invoice #5191 is overdue. Download the attached PDF to view details.
phishing,Your Netflix subscription has expired. Update your payment urgent details to continue watching.
legitimate,Don't forget to submit your timesheets by Friday afternoon.
phishing,Alert: Someone tried to access your bank account from a new device. Secure it now.
legitimate,Thank you for your recent purchase. Your receipt is attached.
legitimate,Just checking in to see how the project is going. Let me know if you need help.
phishing,Please review the attached secure document from HR regarding your salary update.
phishing,Action Required: Verify your email address to avoid service interruption.
phishing,Fuliza Limit Warning: Your Fuliza limit will be reduced to 0. Reply with your PIN to prevent this.
phishing,Helb Loan disbursement delayed! Kindly click http://helb-portal-login.com to update your bank details immediately.
legitimate,Just checking in to see how the project is going. Let me know if you need help.
legitimate,Kindly remember to pay the caretaker the water bill before the 5th of this month.
phishing,Your Apple ID has been locked for security reasons. Verify your account at the link below.
legitimate,KRA: Your tax returns for the year have been filed successfully.
legitimate,"Hi, I have sent the 2k via M-Pesa. Let me know if you receive it."
phishing,Fuliza Limit Warning: Your Fuliza limit will be reduced to 0. Reply with your PIN to prevent this.
legitimate,Safaricom: Your data bundle is below 10MB. Dial *544# to buy another bundle.
phishing,Final Notice: Your invoice #1739 is overdue. Download the attached PDF to view details.
phishing,Your Netflix subscription has expired. Update your payment details to continue watching.
legitimate,"Hi, I have sent the 2k via M-Pesa. Let me know if you receive it."
legitimate,"Equity Bank: Your salary of KES 45,000 has been deposited to account ending in 4521."
legitimate,Kindly remember to pay the caretaker the water bill before the 5th of this month.
phishing,Please review the attached secure document from HR regarding your salary update.
legitimate,Thank you for your recent purchase. Your receipt is attached.
legitimate,"Hey, are we still on for lunch tomorrow? Let me know what time works for you."
phishing,Your Apple ID has been locked for security reasons. Verify your account at the link below.
phishing,"Dear Customer, your Equity Bank account will be blocked today due to lack of KYC update. Click here to update: http://equity-update.com"
legitimate,"Equity Bank: Your salary of KES 45,000 has been deposited to account ending in 4521."
phishing,Your Netflix subscription has expired. Update your payment details to continue watching.
phishing,Helb Loan disbursement delayed! Kindly click http://helb-portal-login.com to update your bank details immediately.
phishing,Your Apple ID has been locked for security reasons. Verify your account at the link below.
phishing,"KRA Alert: You have a pending tax penalty of KES 5,000. Pay immediately via this link to avoid prosecution: http://kra-penalties.org"
legitimate,Can you please review this code PR when you have a moment?
phishing,"Warning! M-Shwari loan limit decreased. Click here to increase your limit back to KES 30,000. urgent"
legitimate,Reminder: The tech meetup at iHub starts at 9:00 AM on Saturday.
phishing,Your Apple ID has been locked for security reasons. Verify your account at the link below.
phishing,Urgent: Your account has been suspended. Click here to verify your identity.
phishing,Fuliza Limit Warning: Your Fuliza limit will be reduced to 0. Reply with your PIN to prevent this.
legitimate,Please find the meeting minutes attached for your review.
legitimate,Your KPLC Token is 1234 5678 9012 3456 7890. Amount: KES 1000. Units: 45.2
legitimate,Can you please review this code PR when you have a moment?
legitimate,Are you available for a quick sync later today?
legitimate,"Hi mum, I arrived safely in Nairobi. I'll call you later in the evening."
phishing,Final Notice: Your invoice #9626 is overdue. Download the attached PDF to view details.
legitimate,Happy Birthday! Hope you have a wonderful day celebrating.
phishing,Your Apple ID has been locked for security reasons. Verify your account at the link below.
phishing,Fuliza Limit Warning: Your Fuliza limit will be reduced to 0. Reply with your PIN to prevent this.
legitimate,Can you please review this code PR when you have a moment?
legitimate,"Hi team, just a reminder about our meeting at 2 PM today. See you there."
legitimate,"Safaricom: You have received KES 5,000 from John Doe. New M-PESA balance is KES 15,200."
phishing,Alert: Someone tried to access your bank account from a new device. Secure it now.
legitimate,"Equity Bank: Your salary of KES 45,000 has been deposited to account ending in 4521."
phishing,You have won a $1000 Walmart gift card! Claim your prize now at this link.
phishing,"KRA Alert: You have a pending tax penalty of KES 5,000. Pay immediately via this link to avoid prosecution: http://kra-penalties.org"
phishing,Please review the attached secure document from HR regarding your salary update. urgent
phishing,Your PayPal account is restricted. Please update your billing information within 24 hours.
phishing,Your PayPal account is restricted. Please update your billing information within 24 hours.
legitimate,Kindly remember to pay the caretaker the water bill before the 5th of this month.
phishing,Your Netflix subscription has expired. Update your payment details to continue watching.
legitimate,Your flight to Chicago is confirmed. Here is your itinerary.
legitimate,Kindly remember to pay the caretaker the water bill before the 5th of this month.
legitimate,"Safaricom: You have received KES 5,000 from John Doe. New M-PESA balance is KES 15,200."
legitimate,"Hi mum, I arrived safely in Nairobi. I'll call you later in the evening."
phishing,You have won a $1000 Walmart gift card! Claim your prize now at this link.
legitimate,Thank you for your recent purchase. Your receipt is attached.
phishing,Please review the attached secure document from HR regarding your salary update.
legitimate,Happy Birthday! Hope you have a wonderful day celebrating.
phishing,Please review the attached urgent secure document from HR regarding your salary update.
phishing,You have won a $1000 Walmart gift card! Claim your prize now at this link.
phishing,"Warning! M-Shwari loan limit decreased. Click here to increase your limit back to KES 30,000."
legitimate,"Hi, I have sent the 2k via M-Pesa. Let me know if you receive it."
legitimate,Your KPLC Token is 1234 5678 9012 3456 7890. Amount: KES 1000. Units: 45.2
phishing,Urgent: Your account has been suspended. Click here to verify your identity.
phishing,"Dear Customer, your Equity Bank account will be blocked today due to lack of KYC update. Click here to update: http://equity-update.com"
phishing,Congratulations! You are our lucky winner today. Click here to claim your reward.
legitimate,Don't forget to submit your timesheets by Friday afternoon.
phishing,Your Netflix subscription has expired. Update your payment details to continue watching.
legitimate,Happy Birthday! Hope you have a wonderful day celebrating.
phishing,"Dear customer, your package could not be delivered. Pay the shipping fee here."
phishing,Urgent: Your account has been suspended. Click here to verify your identity.
phishing,Security Alert: We detected unusual login activity on your account. Reset your password immediately.
legitimate,"Safaricom: You have received KES 5,000 from John Doe. New M-PESA balance is KES 15,200."
phishing,"Hustler Fund Alert: Your loan of KES urgent 10,000 has been approved. Pay a registration fee of KES 200 to this till number to receive it."
phishing,Warning: Your mailbox is almost full. Upgrade your storage by clicking urgent the link.
phishing,Exclusive offer! Buy cheap medications online without prescription.
phishing,Your PayPal account is restricted. Please update your billing information within 24 hours.
legitimate,"Hi team, just a reminder about our meeting at 2 PM today. See you there."
phishing,Action Required: Verify your email address to avoid service interruption.
phishing,Fuliza Limit Warning: Your Fuliza limit will be reduced to 0. Reply with your PIN to prevent this.
phishing,"Dear Parent, this is your child's teacher. Please send 2000 bob for an urgent school trip to this number: 0712345678"
legitimate,I'll be out of the office next week on vacation. Please contact Sarah for urgent issues.
phishing,Your Netflix subscription has expired. Update your payment details to continue watching.
phishing,Warning: Your mailbox is almost full. Upgrade your storage by clicking the link.
phishing,"Hustler Fund Alert: Your loan of KES 10,000 has been approved. Pay a registration fee of KES 200 to this till urgent number to receive it."
phishing,URGENT: Your M-Pesa account has been suspended. Click here to verify your identity http://mpesa-verify.duckdns.org/verify?id=6513
legitimate,Your flight to Chicago is confirmed. Here is your itinerary.
legitimate,Don't forget to submit your timesheets by Friday afternoon.
legitimate,"Hi mum, I arrived safely in Nairobi. I'll call you later in the evening."
legitimate,"Hey, are we still on for lunch tomorrow? Let me know what time works for you."
legitimate,Just checking in to see how the project is going. Let me know if you need help.
phishing,Final Notice: Your invoice #5095 is overdue. Download the attached PDF to view details.
legitimate,Don't forget to submit your timesheets by Friday afternoon.
phishing,URGENT: Your M-Pesa account has been suspended. Click here to verify your identity http://mpesa-verify.duckdns.org/verify?id=4328
phishing,"Dear Customer, your Equity Bank account will be blocked today due to lack of KYC update. Click here to update: http://equity-update.com"
legitimate,Reminder: The tech meetup at iHub starts at 9:00 AM on Saturday.
phishing,You have a pending tax refund. Click here to fill out the form and claim your money.
phishing,"KRA Alert: You have a pending tax penalty of KES 5,000. Pay immediately via this link to avoid prosecution: http://kra-penalties.org"
phishing,Final Notice: Your invoice #2323 is overdue. Download the attached PDF to view details.
phishing,You have a pending tax refund. Click here to fill out the form and claim your money.
phishing,"Safaricom: Congratulations! You have won KES 50,000 in the Shinda Mawe promotion. Call 0722000000 to urgent claim."
phishing,"Dear customer, your package could urgent not be delivered. Pay the shipping fee here."
legitimate,"Hey, are we still on for lunch tomorrow? Let me know what time works for you."
phishing,Urgent: Your account has been suspended. Click here to verify your identity.
phishing,"Dear customer, your package could not be delivered. Pay the shipping fee here."
phishing,Alert: Someone tried to access your bank urgent account from a new device. Secure it now.
phishing,Final Notice: Your invoice #1219 is overdue. Download the attached PDF to view details.
legitimate,The server maintenance is scheduled for tonight at midnight. Expect brief downtime.
legitimate,Your flight to Chicago is confirmed. Here is your itinerary.
phishing,Please review the attached secure document from HR regarding urgent your salary update.
phishing,Congratulations! You are our lucky winner today. Click here to claim your reward.
legitimate,Are you available for a quick sync later today?
phishing,You have a pending tax refund. Click here to fill out the form and claim your money.
phishing,"Dear customer, your package could not be delivered. Pay the shipping fee here."
phishing,Your PayPal account is restricted. Please update your billing information within 24 hours.
phishing,"Dear Customer, your Equity Bank account will be blocked today due to lack of KYC update. Click here urgent to update: http://equity-update.com"
legitimate,Please find the meeting minutes attached for your review.
phishing,Helb Loan disbursement delayed! Kindly click http://helb-portal-login.com to update your bank details immediately.
legitimate,"Hi mum, I arrived safely in Nairobi. I'll call you later in the evening."
legitimate,Your KPLC Token is 1234 5678 9012 3456 7890. Amount: KES 1000. Units: 45.2
phishing,Final Notice: Your invoice #2740 is overdue. Download the attached PDF to view details.
legitimate,Your flight to Chicago is confirmed. Here is your itinerary.
phishing,"Dear Parent, this is your child's teacher. Please send 2000 bob for an urgent school trip to this number: 0712345678"
legitimate,Your KPLC Token is 1234 5678 9012 3456 7890. Amount: KES 1000. Units: 45.2
phishing,Fuliza Limit Warning: Your Fuliza limit will be reduced to 0. Reply with your PIN to prevent this.
legitimate,Don't forget to submit your timesheets by Friday afternoon.
phishing,Exclusive offer! Buy cheap medications online without prescription.
legitimate,Your KPLC Token is 1234 5678 9012 3456 7890. Amount: KES 1000. Units: 45.2
legitimate,Attached is the report you requested for Q3. Let me know if you need any changes.
legitimate,Attached is the report you requested for Q3. Let me know if you need any changes.
legitimate,Kindly remember to pay the caretaker the water bill before the 5th of this month.
phishing,"Safaricom: Congratulations! You have won KES 50,000 in the urgent Shinda Mawe promotion. Call 0722000000 to claim."
phishing,Alert: Someone tried to access your bank account from a new device. Secure it urgent now.
phishing,"Dear Parent, this is your child's teacher. Please send 2000 bob for an urgent school trip to this number: 0712345678"
legitimate,Please find the meeting minutes attached for your review.
legitimate,Happy Birthday! Hope you have a wonderful day celebrating.
legitimate,Your KPLC Token is 1234 5678 9012 3456 7890. Amount: KES 1000. Units: 45.2
legitimate,Don't forget to submit your timesheets by Friday afternoon.
phishing,"Dear Parent, this is your child's teacher. Please send 2000 bob for an urgent school trip to this number: 0712345678"
legitimate,Kindly remember to pay the caretaker the water bill before the 5th of this month.
phishing,Fuliza Limit urgent Warning: Your Fuliza limit will be reduced to 0. Reply with your PIN to prevent this.
legitimate,Hello! Let's meet at Java House Kimathi Street at 4 PM for the interview.
phishing,You have a pending tax refund. Click here to fill out the form and claim your money.
phishing,Your PayPal account is restricted. Please update your billing information within 24 hours.
legitimate,"Hey, are we still on for lunch tomorrow? Let me know what time works for you."
phishing,"Safaricom: Congratulations! You have won KES 50,000 in the Shinda Mawe promotion. Call 0722000000 to claim."
phishing,"Dear Parent, this is your child's teacher. Please send 2000 bob for an urgent school trip to this number: 0712345678"
legitimate,The server maintenance is scheduled for tonight at midnight. Expect brief downtime.
phishing,You have a pending tax refund. Click here to fill out the form and claim your money.
legitimate,Attached is the report you requested for Q3. Let me know if you need any changes.
legitimate,Your Amazon order #7796 has shipped and will arrive by tomorrow.
legitimate,"Equity Bank: Your salary of KES 45,000 has been deposited to account ending in 4521."
phishing,Your Netflix subscription has expired. Update your payment details to continue watching.
phishing,URGENT: Your M-Pesa account has been suspended. Click here to verify your identity http://mpesa-verify.duckdns.org/verify?id=7155
phishing,"Dear Parent, this is your child's teacher. Please send 2000 bob for an urgent school trip to this number: 0712345678"
phishing,Your KPLC prepaid meter will be disconnected today. Pay outstanding balance here: http://kplc-payment.net
legitimate,"Hi mum, I arrived safely in Nairobi. I'll call you later in the evening."
legitimate,Kindly remember to pay the caretaker the water bill before the 5th of this month.
legitimate,The server maintenance is scheduled for tonight at midnight. Expect brief downtime.
phishing,Your Apple ID has been locked for security reasons. Verify your account at the link below.
legitimate,I'll be out of the office next week on vacation. Please contact Sarah for urgent issues.
phishing,Alert: Someone tried to access your bank account from a new device. Secure it now.
legitimate,"Hi mum, I arrived safely in Nairobi. I'll call you later in the evening."
legitimate,Thanks for reaching out! I'll get back to you as soon as possible.
phishing,Your KPLC prepaid meter will be disconnected today. Pay outstanding balance here: http://kplc-payment.net
phishing,urgent URGENT: Your M-Pesa account has been suspended. Click here to verify your identity http://mpesa-verify.duckdns.org/verify?id=5288
phishing,Helb Loan disbursement delayed! Kindly click http://helb-portal-login.com to update your bank details immediately.
legitimate,"Hi mum, I arrived safely in Nairobi. I'll call you later in the evening."
legitimate,Don't forget to submit your timesheets by Friday afternoon.
phishing,Your PayPal account is restricted. Please update your billing information within 24 hours.
phishing,"Dear Customer, your Equity Bank account will be blocked today due to lack of KYC update. Click here to update: http://equity-update.com"
phishing,Action Required: Verify your email address to avoid service interruption.
phishing,"Hustler Fund Alert: Your loan of KES 10,000 has been approved. Pay a registration fee of KES 200 to this till number to receive it."
phishing,Your Netflix subscription has expired. Update your payment details to continue watching.
phishing,Your PayPal account is restricted. Please update your billing information within 24 hours.
phishing,Exclusive offer! Buy cheap medications online without prescription.
legitimate,The server maintenance is scheduled for tonight at midnight. Expect brief downtime.
phishing,Action Required: Verify your email address to avoid service interruption.
phishing,"Hustler Fund Alert: Your loan of KES 10,000 has been approved. Pay a registration fee of KES 200 to this till number to receive it."
legitimate,Thank you for your recent purchase. Your receipt is attached.
phishing,Your KPLC prepaid meter will be disconnected today. Pay outstanding balance here: http://kplc-payment.net
legitimate,"Hey, are we still on for lunch tomorrow? Let me know what time works for you."
phishing,Fuliza Limit Warning: Your Fuliza limit will be reduced to 0. Reply with your PIN to prevent this.
legitimate,Safaricom: Your data bundle is below 10MB. Dial *544# to buy another bundle.
legitimate,Reminder: The tech meetup at iHub starts at 9:00 AM on Saturday.
legitimate,Your KPLC Token is 1234 5678 9012 3456 7890. Amount: KES 1000. Units: 45.2
phishing,"Safaricom: Congratulations! You have won KES 50,000 in the Shinda Mawe promotion. Call 0722000000 to claim."
phishing,Fuliza Limit Warning: Your Fuliza limit will be reduced to 0. Reply with your PIN to prevent this.
phishing,"Safaricom: Congratulations! You have won KES 50,000 in the Shinda Mawe promotion. Call 0722000000 to claim."
phishing,You have won a $1000 Walmart gift card! Claim your prize now at this link.
legitimate,Attached is the report you requested for Q3. Let me know if you need any changes.
phishing,Warning: Your mailbox is almost full. Upgrade your storage by clicking the link.
legitimate,Thanks for reaching out! I'll get back to you as soon as possible.
legitimate,Attached is the report you requested for Q3. Let me know if you need any changes.
legitimate,"Hi mum, I arrived safely in Nairobi. I'll call you later in the evening."
legitimate,Happy Birthday! Hope you have a wonderful day celebrating.
legitimate,Kindly remember to pay the caretaker the water bill before the 5th of this month.
phishing,Your Apple ID has urgent been locked for security reasons. Verify your account at the link below.
legitimate,Your KPLC Token is 1234 5678 9012 3456 7890. Amount: KES 1000. Units: 45.2
phishing,Exclusive offer! Buy cheap medications online without prescription.
legitimate,Safaricom: Your data bundle is below 10MB. Dial *544# to buy another bundle.
phishing,Your Apple ID has been locked for security reasons. Verify your account at the link below.
phishing,Your PayPal account is restricted. Please update your billing information within 24 hours.
phishing,Your PayPal account is restricted. Please update your billing information within 24 hours.
legitimate,Thanks for reaching out! I'll get back to you as soon as possible.
legitimate,I'll be out of the office next week on vacation. Please contact Sarah for urgent issues.
phishing,Helb Loan disbursement delayed! Kindly click http://helb-portal-login.com to update your bank details immediately.
phishing,"Dear Customer, your Equity Bank account will be blocked today due to lack of KYC update. Click here to update: http://equity-update.com"
phishing,Alert: Someone tried to access your bank account from a new device. Secure it now.
phishing,"Warning! urgent M-Shwari loan limit decreased. Click here to increase your limit back to KES 30,000."
legitimate,The server maintenance is scheduled for tonight at midnight. Expect brief downtime.
phishing,Action Required: Verify your email address to avoid service interruption.
legitimate,Happy Birthday! Hope you have a wonderful day celebrating.
legitimate,Your Amazon order #3410 has shipped and will arrive by tomorrow.
phishing,Your Netflix subscription has expired. Update your payment details to continue watching.
phishing,Exclusive offer! Buy cheap medications online without urgent prescription.
phishing,Please review the attached secure document from HR regarding your salary update.
phishing,Please review the attached secure document from HR regarding your salary update.
legitimate,Just checking in to see how the project is going. Let me know if you need help.
phishing,Final Notice: Your invoice #4883 is overdue. Download the urgent attached PDF to view details.
legitimate,Reminder: The tech meetup at iHub starts at 9:00 AM on Saturday.
phishing,You have won a $1000 Walmart gift card! Claim your prize now at this link.
legitimate,Are you available for a quick sync later today?
phishing,You have a pending tax refund. Click here to fill out the form and claim your money.
phishing,"Warning! M-Shwari loan limit decreased. Click here to increase your limit back to KES 30,000."
phishing,"Hustler Fund Alert: Your loan of KES 10,000 has been approved. Pay a registration fee of KES 200 to this till number to receive it."
phishing,Congratulations! You are our lucky winner today. Click here to claim your reward.
phishing,You have a pending tax refund. Click here to fill out the form and claim your money.
legitimate,Can you please review this code PR when you have a moment?
phishing,Your Apple ID has been locked for security reasons. Verify your account at the link below.
legitimate,Your KPLC Token is 1234 5678 9012 3456 7890. Amount: KES 1000. Units: 45.2
phishing,"KRA Alert: You have a pending tax urgent penalty of KES 5,000. Pay immediately via this link to avoid prosecution: http://kra-penalties.org"
legitimate,The server maintenance is scheduled for tonight at midnight. Expect brief downtime.
phishing,You have a pending tax refund. Click here to fill out the form and claim your money.
phishing,Security Alert: We detected unusual login activity on your account. Reset your password immediately.
legitimate,Your KPLC Token is 1234 5678 9012 3456 7890. Amount: KES 1000. Units: 45.2
phishing,"Safaricom: Congratulations! You have won KES 50,000 in the Shinda Mawe promotion. Call 0722000000 to claim."
phishing,Your urgent KPLC prepaid meter will be disconnected today. Pay outstanding balance here: http://kplc-payment.net
phishing,Your Netflix subscription has expired. Update your payment details to continue watching.
phishing,"Dear Customer, your Equity Bank account will be blocked today due to lack of KYC update. Click here to update: http://equity-update.com"
phishing,"Dear customer, your package could not be delivered. Pay the shipping fee here."
legitimate,"Hi mum, I arrived safely in Nairobi. I'll call you later in the evening."
phishing,Your KPLC prepaid meter will be disconnected today. Pay outstanding balance here: http://kplc-payment.net
phishing,"KRA Alert: You have a pending tax penalty of KES 5,000. Pay immediately via this link to avoid prosecution: http://kra-penalties.org"
phishing,Please review the attached secure document from HR regarding your salary update.
legitimate,Thank you for your recent purchase. Your receipt is attached.
phishing,"Hustler Fund Alert: Your loan of KES 10,000 has been approved. Pay a registration fee of KES 200 to this till number to receive it."
legitimate,Don't forget to submit your timesheets by Friday afternoon.
legitimate,"Hi mum, I arrived safely in Nairobi. I'll call you later in the evening."
phishing,"Dear urgent Customer, your Equity Bank account will be blocked today due to lack of KYC update. Click here to update: http://equity-update.com"
phishing,Fuliza Limit Warning: Your Fuliza limit will be reduced to 0. Reply with your PIN to prevent this.
phishing,"Safaricom: urgent Congratulations! You have won KES 50,000 in the Shinda Mawe promotion. Call 0722000000 to claim."
legitimate,"Equity Bank: Your salary of KES 45,000 has been deposited to account ending in 4521."
phishing,Congratulations! You are our lucky winner today. Click here to claim your reward.
phishing,Your Netflix subscription urgent has expired. Update your payment details to continue watching.
phishing,Fuliza Limit Warning: Your Fuliza limit will be reduced to 0. Reply with your PIN to prevent this.
legitimate,"Equity Bank: Your salary of KES 45,000 has been deposited to account ending in 4521."
phishing,You have won a $1000 Walmart gift card! Claim your prize now at this link.
legitimate,"Safaricom: You have received KES 5,000 from John Doe. New M-PESA balance is KES 15,200."
legitimate,Reminder: The tech meetup at iHub starts at 9:00 AM on Saturday.
legitimate,KRA: Your tax returns for the year have been filed successfully.
phishing,Your PayPal account is restricted. Please update your billing information within 24 hours.
legitimate,KRA: Your tax returns for the year have been filed successfully.
phishing,Your PayPal account is urgent restricted. Please update your billing information within 24 hours.
phishing,"KRA Alert: You have a pending tax penalty of KES 5,000. Pay immediately via this link to avoid prosecution: http://kra-penalties.org"
phishing,Helb Loan disbursement delayed! Kindly click http://helb-portal-login.com to update your bank details immediately.
legitimate,Thanks for reaching out! I'll get back to you as soon as possible.
phishing,"Dear customer, your package could not be delivered. Pay the shipping fee here."
legitimate,"Hi mum, I arrived safely in Nairobi. I'll call you later in the evening."
phishing,Urgent: Your account has been suspended. Click here to verify your identity.
phishing,You have won a $1000 Walmart gift card! Claim your prize now at this link.
phishing,Your PayPal account is restricted. Please update your billing information within 24 hours.
phishing,Alert: Someone tried to access your bank account from a new device. Secure it now.
phishing,Action Required: Verify your email address to avoid service interruption. urgent
phishing,Helb Loan disbursement delayed! Kindly click http://helb-portal-login.com to update your bank details immediately.
legitimate,Thank you for your recent purchase. Your receipt is attached.
phishing,"Hustler Fund Alert: Your loan of KES 10,000 has been approved. Pay a registration fee of KES 200 to this till number to receive it."
phishing,Please review the attached secure document from HR regarding your salary update.
legitimate,"Hi, I have sent the 2k via M-Pesa. Let me know if you receive it."
phishing,"Hustler Fund Alert: Your loan of KES 10,000 has been approved. Pay a registration urgent fee of KES 200 to this till number to receive it."
legitimate,Can you please review this code PR when you have a moment?
phishing,"Warning! M-Shwari loan limit decreased. Click here to increase your limit back to KES 30,000."
phishing,Security Alert: We detected unusual login activity on your account. Reset your password immediately.
phishing,Your PayPal account is restricted. Please update your billing information within 24 hours.
legitimate,Reminder: The tech meetup at iHub starts at 9:00 AM on Saturday.
legitimate,KRA: Your tax returns for the year have been filed successfully.
phishing,"Safaricom: Congratulations! You have won KES 50,000 in the Shinda Mawe promotion. Call 0722000000 to claim."
legitimate,Just checking in to see how the project is going. Let me know if you need help.
phishing,Your KPLC prepaid meter will be disconnected today. Pay outstanding balance here: http://kplc-payment.net
phishing,Urgent: Your account has been suspended. Click here to urgent verify your identity.
legitimate,"Safaricom: You have received KES 5,000 from John Doe. New M-PESA balance is KES 15,200."
legitimate,Thank you for your recent purchase. Your receipt is attached.
phishing,Helb Loan disbursement delayed! Kindly click http://helb-portal-login.com to update your bank details immediately.
legitimate,Happy Birthday! Hope you have a wonderful day celebrating.
phishing,"Dear Parent, this is your child's teacher. Please send 2000 bob for an urgent school trip to this number: 0712345678"
phishing,Your PayPal account is restricted. Please update your billing information within 24 hours.
legitimate,Your KPLC Token is 1234 5678 9012 3456 7890. Amount: KES 1000. Units: 45.2
phishing,"Safaricom: Congratulations! You have won KES 50,000 in the Shinda Mawe promotion. Call 0722000000 to claim."
legitimate,Your flight to Chicago is confirmed. Here is your itinerary.
phishing,Your KPLC prepaid meter will be disconnected today. Pay outstanding balance here: http://kplc-payment.net
legitimate,The server maintenance is scheduled for tonight at midnight. Expect brief downtime.
legitimate,Don't forget to submit your timesheets by Friday afternoon.
legitimate,Just checking in to see how the project is going. Let me know if you need help.
phishing,Security Alert: We detected unusual login activity on your account. urgent Reset your password immediately.
legitimate,Thanks for reaching out! I'll get back to you as soon as possible.
legitimate,Just checking in to see how the project is going. Let me know if you need help.
legitimate,Attached is the report you requested for Q3. Let me know if you need any changes.
legitimate,Your KPLC Token is 1234 5678 9012 3456 7890. Amount: KES 1000. Units: 45.2
legitimate,Thank you for your recent purchase. Your receipt is attached.
legitimate,"Hey, are we still on for lunch tomorrow? Let me know what time works for you."
phishing,"Hustler Fund Alert: Your loan of KES 10,000 has been approved. Pay a registration fee of KES 200 to this till number to receive urgent it."
legitimate,Your Amazon order #2245 has shipped and will arrive by tomorrow.
phishing,"Safaricom: Congratulations! You have won KES 50,000 in the Shinda Mawe promotion. Call 0722000000 to claim."
phishing,Action Required: Verify your email address to avoid service interruption.
phishing,You have a pending tax refund. Click here to fill out the form and claim your money.
phishing,URGENT: Your M-Pesa account has been suspended. Click here to verify your identity http://mpesa-verify.duckdns.org/verify?id=2116
phishing,URGENT: Your M-Pesa account has been suspended. Click here to verify your identity http://mpesa-verify.duckdns.org/verify?id=8725
legitimate,Thanks for reaching out! I'll get back to you as soon as possible.
phishing,Your Netflix subscription has expired. Update your payment details to urgent continue watching.
phishing,Helb Loan disbursement delayed! Kindly click http://helb-portal-login.com to update your bank details immediately.
legitimate,"Safaricom: You have received KES 5,000 from John Doe. New M-PESA balance is KES 15,200."
legitimate,Safaricom: Your data bundle is below 10MB. Dial *544# to buy another bundle.
legitimate,"Safaricom: You have received KES 5,000 from John Doe. New M-PESA balance is KES 15,200."
legitimate,Reminder: The tech meetup at iHub starts at 9:00 AM on Saturday.
phishing,"Hustler Fund Alert: Your loan of KES 10,000 has been approved. Pay a registration fee of KES 200 to this till number to receive it."
phishing,"Hustler Fund Alert: Your loan of KES 10,000 has been approved. Pay a registration fee of KES 200 to this till number to receive it."
phishing,Please review the attached secure document from HR regarding your salary update.
legitimate,Your Amazon order #4518 has shipped and will arrive by tomorrow.
legitimate,"Hi, I have sent the 2k via M-Pesa. Let me know if you receive it."
legitimate,"Hi, I have sent the 2k via M-Pesa. Let me know if you receive it."
legitimate,KRA: Your tax returns for the year have been filed successfully.
legitimate,"Hi mum, I arrived safely in Nairobi. I'll call you later in the evening."
phishing,"Warning! M-Shwari loan limit decreased. Click here to increase your limit back to KES 30,000."
phishing,urgent Security Alert: We detected unusual login activity on your account. Reset your password immediately.
legitimate,I'll be out of the office next week on vacation. Please contact Sarah for urgent issues.
phishing,"Warning! M-Shwari loan limit decreased. Click here to increase your limit back to KES 30,000."
phishing,"KRA Alert: You have a pending tax penalty of KES 5,000. Pay immediately via this link to avoid prosecution: http://kra-penalties.org"
phishing,Your KPLC prepaid meter will be disconnected today. Pay outstanding balance here: http://kplc-payment.net
legitimate,Thanks for reaching out! I'll get back to you as soon as possible.
legitimate,Hello! Let's meet at Java House Kimathi Street at 4 PM for the interview.
legitimate,Are you available for a quick sync later today?
phishing,Congratulations! You are our lucky winner today. Click here to claim your reward.
phishing,Helb Loan disbursement delayed! Kindly click http://helb-portal-login.com to update your bank details immediately.
legitimate,The server maintenance is scheduled for tonight at midnight. Expect brief downtime.
phishing,"Dear Customer, your Equity Bank account will be blocked today due to lack of KYC update. urgent Click here to update: http://equity-update.com"
phishing,Helb Loan disbursement delayed! Kindly click http://helb-portal-login.com to update your bank details immediately.
phishing,"Dear Customer, your Equity Bank account urgent will be blocked today due to lack of KYC update. Click here to update: http://equity-update.com"
phishing,Your Netflix subscription has expired. Update your payment details to continue watching.
legitimate,"Hi team, just a reminder about our meeting at 2 PM today. See you there."
phishing,Your Apple ID has been locked for security reasons. Verify your account at the link below.
phishing,"Warning! M-Shwari loan limit decreased. Click here to increase your limit back to KES 30,000."
phishing,Congratulations! You are our lucky winner today. Click here to claim your reward.
legitimate,"Hi mum, I arrived safely in Nairobi. I'll call you later in the evening."
legitimate,Can you please review this code PR when you have a moment?
legitimate,Can you please review this code PR when you have a moment?
phishing,Urgent: Your account has been suspended. Click here to verify your identity.
phishing,"Safaricom: Congratulations! You have won KES 50,000 in the Shinda Mawe promotion. Call 0722000000 to claim."
legitimate,Your Amazon order #1837 has shipped and will arrive by tomorrow.
phishing,"KRA Alert: You have a pending tax penalty of KES 5,000. Pay immediately via this link to avoid prosecution: http://kra-penalties.org"
phishing,"Safaricom: Congratulations! You have won KES 50,000 in the Shinda Mawe promotion. Call 0722000000 to claim."
phishing,URGENT: Your M-Pesa account has been suspended. Click here to urgent verify your identity http://mpesa-verify.duckdns.org/verify?id=2844
legitimate,Your Amazon order #6804 has shipped and will arrive by tomorrow.
phishing,Your Netflix urgent subscription has expired. Update your payment details to continue watching.
phishing,Action Required: Verify your email address to avoid service interruption.
legitimate,Please find the meeting minutes attached for your review.
legitimate,"Hi mum, I arrived safely in Nairobi. I'll call you later in the evening."
phishing,Your KPLC prepaid meter will urgent be disconnected today. Pay outstanding balance here: http://kplc-payment.net
phishing,Helb Loan disbursement delayed! Kindly click http://helb-portal-login.com to update your bank details immediately.
legitimate,"Hi team, just a reminder about our meeting at 2 PM today. See you there."
phishing,Congratulations! You are our lucky winner today. Click here to claim your reward.
legitimate,"Hi mum, I arrived safely in Nairobi. I'll call you later in the evening."
phishing,Your KPLC prepaid meter will be disconnected today. Pay outstanding balance here: http://kplc-payment.net
legitimate,Don't forget to submit your timesheets by Friday afternoon.
phishing,Alert: Someone tried to access your bank account from a new device. Secure it now.
legitimate,Your KPLC Token is 1234 5678 9012 3456 7890. Amount: KES 1000. Units: 45.2
phishing,You have won a $1000 Walmart gift card! Claim your prize now at this link.
legitimate,Your KPLC Token is 1234 5678 9012 3456 7890. Amount: KES 1000. Units: 45.2
legitimate,KRA: Your tax returns for the year have been filed successfully.
phishing,Final Notice: Your invoice #9489 is overdue. Download the attached PDF to view details.
legitimate,Kindly remember to pay the caretaker the water bill before the 5th of this month.
phishing,"KRA Alert: You have a pending tax penalty of KES 5,000. Pay immediately via this link to avoid prosecution: http://kra-penalties.org"
legitimate,Can you please review this code PR when you have a moment?
phishing,"Dear Customer, your Equity Bank account will be blocked today due to lack of KYC update. Click here to update: http://equity-update.com"
legitimate,"Hi mum, I arrived safely in Nairobi. I'll call you later in the evening."
legitimate,"Hi, I have sent the 2k via M-Pesa. Let me know if you receive it."
legitimate,Please find the meeting minutes attached for your review.
legitimate,Can you please review this code PR when you have a moment?
phishing,"Dear customer, your package could not be delivered. Pay the shipping fee here."
phishing,You have a pending tax refund. Click here to fill out the form and claim your money.
phishing,Security Alert: We detected unusual login activity on your account. Reset your password immediately.
phishing,Helb Loan disbursement delayed! Kindly click http://helb-portal-login.com to update your bank urgent details immediately.
phishing,"Hustler Fund Alert: Your loan of KES 10,000 has been approved. Pay a registration fee of KES 200 to this till number to receive it."
phishing,Your Apple ID has been locked for security reasons. Verify your account at the link below. urgent
phishing,Your Netflix subscription has expired. Update your payment details to continue watching.
legitimate,Are you available for a quick sync later today?
legitimate,Please find the meeting minutes attached for your review.
legitimate,Thank you for your recent purchase. Your receipt is attached.
legitimate,"Safaricom: You have received KES 5,000 from John Doe. New M-PESA balance is KES 15,200."
phishing,"KRA Alert: You have a pending tax penalty of KES 5,000. Pay immediately via this link to avoid prosecution: http://kra-penalties.org"
phishing,You have a pending tax refund. Click here to fill out the form and claim your money.
phishing,Helb Loan disbursement delayed! Kindly click http://helb-portal-login.com to update your bank details immediately.
phishing,You have a pending tax refund. Click here to fill out the form and claim your money.
legitimate,Your flight to Chicago is confirmed. Here is your itinerary.
phishing,Security Alert: We urgent detected unusual login activity on your account. Reset your password immediately.
legitimate,"Equity Bank: Your salary of KES 45,000 has been deposited to account ending in 4521."
legitimate,"Hi mum, I arrived safely in Nairobi. I'll call you later in the evening."
phishing,Your Apple ID has been locked for security reasons. Verify your account at the link below.
legitimate,Your KPLC Token is 1234 5678 9012 3456 7890. Amount: KES 1000. Units: 45.2
legitimate,KRA: Your tax returns for the year have been filed successfully.
legitimate,"Hi, I have sent the 2k via M-Pesa. Let me know if you receive it."
phishing,Urgent: Your account has been suspended. Click here to verify your identity.
phishing,Please review the attached secure document from HR regarding your salary update.
phishing,"Dear Customer, your Equity Bank account will be blocked today due to lack of KYC update. Click here to update: http://equity-update.com"
phishing,"KRA Alert: You have a pending tax penalty of KES 5,000. Pay immediately via this link to avoid prosecution: http://kra-penalties.org"
legitimate,Don't forget to submit your timesheets by Friday afternoon.
phishing,Security Alert: We detected unusual login activity on your account. Reset your password immediately.
phishing,Fuliza Limit Warning: Your Fuliza limit will be reduced to 0. Reply with your PIN to prevent this.
legitimate,"Hi team, just a reminder about our meeting at 2 PM today. See you there."
legitimate,Hello! Let's meet at Java House Kimathi Street at 4 PM for the interview.
phishing,Security Alert: We detected unusual login activity on your account. Reset your password immediately.
phishing,You have a pending tax refund. Click here to fill out the form and claim your money.
phishing,"Safaricom: Congratulations! You have won KES 50,000 in the Shinda Mawe promotion. Call 0722000000 to claim."
legitimate,Thank you for your recent purchase. Your receipt is attached.
phishing,Your KPLC prepaid meter will be disconnected today. Pay outstanding balance here: http://kplc-payment.net
legitimate,I'll be out of the office next week on vacation. Please contact Sarah for urgent issues.
legitimate,"Hi mum, I arrived safely in Nairobi. I'll call you later in the evening."
phishing,Security Alert: We detected unusual login activity on your account. Reset your password immediately.
phishing,Congratulations! You are our lucky winner today. Click here to claim your reward.
phishing,Fuliza Limit Warning: Your Fuliza limit will be reduced to 0. Reply with your PIN to prevent this.
phishing,Security Alert: We detected unusual login activity on your account. Reset your password immediately.
legitimate,Thanks for reaching out! I'll get back to you as soon as possible.
phishing,"KRA Alert: You have a pending tax penalty of urgent KES 5,000. Pay immediately via this link to avoid prosecution: http://kra-penalties.org"
legitimate,Don't forget to submit your timesheets by Friday afternoon.
phishing,Your Netflix subscription has expired. Update your payment details to continue watching.
legitimate,Your flight to Chicago is confirmed. Here is your itinerary.
phishing,Your Apple ID has been locked for security reasons. Verify your account at the link below.
phishing,"Safaricom: Congratulations! You have won KES 50,000 in the Shinda Mawe promotion. Call 0722000000 to claim."
legitimate,KRA: Your tax returns for the year have been filed successfully.
phishing,You have won a $1000 Walmart gift card! Claim your prize now at this link.
legitimate,Reminder: The tech meetup at iHub starts at 9:00 AM on Saturday.
phishing,Urgent: Your account has been suspended. Click here to verify your identity.
phishing,Action Required: Verify your email address to avoid service interruption.
phishing,Fuliza Limit Warning: Your Fuliza limit will be reduced to 0. Reply with your PIN to prevent this.
legitimate,Reminder: The tech meetup at iHub starts at 9:00 AM on Saturday.
legitimate,Are you available for a quick sync later today?
legitimate,Don't forget to submit your timesheets by Friday afternoon.
legitimate,Can you please review this code PR when you have a moment?
phishing,Alert: Someone tried to access your bank account from a new device. Secure it now.
phishing,Please review the attached secure document from HR regarding your salary update.
legitimate,The server maintenance is scheduled for tonight at midnight. Expect brief downtime.
legitimate,"Equity Bank: Your salary of KES 45,000 has been deposited to account ending in 4521."
legitimate,Reminder: The tech meetup at iHub starts at 9:00 AM on Saturday.
phishing,Your Apple ID has been locked for security reasons. Verify your account at the link below.
phishing,"Safaricom: Congratulations! You have won KES 50,000 in the Shinda Mawe promotion. Call 0722000000 to claim."
phishing,You have a pending tax refund. Click here to fill out the form and claim your money.
phishing,Final Notice: Your invoice #1038 is overdue. Download the attached PDF to view details.
legitimate,Just checking in to see how the project is going. Let me know if you need help.
phishing,Congratulations! You are our lucky winner today. Click here to claim your reward.
phishing,You have a pending tax refund. Click here urgent to fill out the form and claim your money.
legitimate,KRA: Your tax returns for the year have been filed successfully.
phishing,Action Required: Verify your email address to avoid service interruption.
phishing,You have a pending tax refund. Click here to fill out the form and claim your money.
phishing,Alert: Someone tried to access your bank account from a new device. Secure it now.
legitimate,Don't forget to submit your timesheets by Friday afternoon.
legitimate,Just checking in to see how the project is going. Let me know if you need help.
phishing,You have won a $1000 Walmart gift card! Claim your prize now at this link.
phishing,Final Notice: Your invoice #4042 is overdue. Download the attached PDF to view details.
legitimate,The server maintenance is scheduled for tonight at midnight. Expect brief downtime.
legitimate,Are you available for a quick sync later today?
legitimate,Your flight to Chicago is confirmed. Here is your itinerary.
phishing,Helb Loan disbursement delayed! Kindly click http://helb-portal-login.com to update your bank details immediately.
phishing,Helb Loan disbursement delayed! Kindly click http://helb-portal-login.com to update your bank details immediately.
phishing,"Warning! M-Shwari loan limit decreased. Click here to increase your limit back to KES 30,000."
phishing,Your Netflix subscription has expired. Update your payment details to continue watching.
phishing,"Hustler Fund Alert: Your loan of KES 10,000 has been approved. Pay a registration fee of KES 200 to this till number to receive it."
legitimate,I'll be out of the office next week on vacation. Please contact Sarah for urgent issues.
phishing,Alert: Someone tried to access your urgent bank account from a new device. Secure it now.
legitimate,Just checking in to see how the project is going. Let me know if you need help.
legitimate,"Hey, are we still on for lunch tomorrow? Let me know what time works for you."
legitimate,Hello! Let's meet at Java House Kimathi Street at 4 PM for the interview.
phishing,"Warning! M-Shwari loan limit decreased. Click here to increase your limit back to KES 30,000."
legitimate,Happy Birthday! Hope you have a wonderful day celebrating.
legitimate,Thank you for your recent purchase. Your receipt is attached.
phishing,URGENT: Your M-Pesa account has been suspended. Click here to verify your identity http://mpesa-verify.duckdns.org/verify?id=6671
legitimate,Kindly remember to pay the caretaker the water bill before the 5th of this month.
legitimate,"Hey, are we still on for lunch tomorrow? Let me know what time works for you."
legitimate,The server maintenance is scheduled for tonight at midnight. Expect brief downtime.
phishing,Congratulations! You are our lucky winner today. Click here to claim your reward.
phishing,URGENT: Your M-Pesa account has been suspended. Click here to verify your identity http://mpesa-verify.duckdns.org/verify?id=3030
phishing,Your KPLC prepaid meter will be disconnected today. Pay outstanding balance here: http://kplc-payment.net
legitimate,Attached is the report you requested for Q3. Let me know if you need any changes.
phishing,"Safaricom: Congratulations! You have won KES 50,000 in the Shinda Mawe promotion. Call 0722000000 to claim."
legitimate,"Equity Bank: Your salary of KES 45,000 has been deposited to account ending in 4521."
legitimate,Thank you for your recent purchase. Your receipt is attached.
legitimate,Thanks for reaching out! I'll get back to you as soon as possible.
legitimate,Don't forget to submit your timesheets by Friday afternoon.
phishing,You have won a $1000 Walmart gift card! Claim your prize now at this link.
phishing,"Hustler Fund Alert: Your loan of KES 10,000 has been approved. Pay a registration fee of KES 200 to this till number to receive it."
legitimate,Your Amazon order #9861 has shipped and will arrive by tomorrow.
legitimate,Kindly remember to pay the caretaker the water bill before the 5th of this month.
legitimate,"Hi, I have sent the 2k via M-Pesa. Let me know if you receive it."
legitimate,Reminder: The tech meetup at iHub starts at 9:00 AM on Saturday.
phishing,"Safaricom: Congratulations! You have won KES 50,000 in the Shinda Mawe promotion. Call 0722000000 to claim."
phishing,"Dear Parent, this is your child's teacher. Please send 2000 bob for an urgent urgent school trip to this number: 0712345678"
phishing,"KRA urgent Alert: You have a pending tax penalty of KES 5,000. Pay immediately via this link to avoid prosecution: http://kra-penalties.org"
phishing,Helb Loan disbursement delayed! Kindly click http://helb-portal-login.com to update your bank details immediately.
legitimate,KRA: Your tax returns for the year have been filed successfully.
legitimate,"Hi, I have sent the 2k via M-Pesa. Let me know if you receive it."
phishing,Exclusive offer! Buy cheap medications online without prescription.
phishing,Your PayPal account is restricted. Please update your billing information within 24 hours.
phishing,Congratulations! You are our lucky winner today. Click here to claim your reward.
legitimate,"Hey, are we still on for lunch tomorrow? Let me know what time works for you."
phishing,You have won a $1000 Walmart gift card! Claim your prize now at this link.
legitimate,KRA: Your tax returns for the year have been filed successfully.
legitimate,Are you available for a quick sync later today?
phishing,Fuliza Limit Warning: Your Fuliza limit will be reduced to 0. Reply with your PIN to prevent this.
phishing,"Dear Parent, this is your child's teacher. Please send 2000 bob for an urgent school trip to this number: 0712345678"
phishing,"Dear Parent, this is your child's teacher. Please send 2000 bob for an urgent school trip to this number: 0712345678"
phishing,Your Netflix subscription has expired. Update your payment details to continue watching.
phishing,Warning: Your mailbox is almost full. Upgrade your storage by clicking urgent the link.
phishing,"Safaricom: Congratulations! You have won KES 50,000 in the Shinda Mawe promotion. Call 0722000000 to claim."
phishing,"Dear customer, your package could not be delivered. Pay the shipping fee here."
phishing,Fuliza Limit Warning: Your Fuliza limit will be reduced to 0. Reply with your PIN to urgent prevent this.
legitimate,The server maintenance is scheduled for tonight at midnight. Expect brief downtime.
legitimate,Happy Birthday! Hope you have a wonderful day celebrating.
legitimate,Can you please review this code PR when you have a moment?
phishing,Your KPLC prepaid meter will be disconnected today. Pay outstanding balance urgent here: http://kplc-payment.net
legitimate,The server maintenance is scheduled for tonight at midnight. Expect brief downtime.
phishing,Alert: Someone tried to access your bank account from a new device. Secure it now.
legitimate,Happy Birthday! Hope you have a wonderful day celebrating.
legitimate,Your Amazon order #3932 has shipped and will arrive by tomorrow.
legitimate,"Hi mum, I arrived safely in Nairobi. I'll call you later in the evening."
phishing,Urgent: Your account has been suspended. Click here urgent to verify your identity.
phishing,"KRA Alert: You have a pending tax penalty of KES 5,000. Pay immediately via this link to avoid prosecution: http://kra-penalties.org"
phishing,Action Required: Verify your email address to avoid service urgent interruption.
legitimate,Your KPLC Token is 1234 5678 9012 3456 7890. Amount: KES 1000. Units: 45.2
legitimate,"Hi team, just a reminder about our meeting at 2 PM today. See you there."
legitimate,"Hey, are we still on for lunch tomorrow? Let me know what time works for you."
phishing,Congratulations! You are our lucky winner today. Click here to claim your reward.
phishing,Final Notice: Your invoice #8237 is overdue. Download the attached PDF to view details.
legitimate,Your flight to Chicago is confirmed. Here is your itinerary.
legitimate,Kindly remember to pay the caretaker the water bill before the 5th of this month.
legitimate,Safaricom: Your data bundle is below 10MB. Dial *544# to buy another bundle.
phishing,Final Notice: Your invoice #4358 is overdue. Download the attached PDF to view details.
legitimate,Just checking in to see how the project is going. Let me know if you need help.
legitimate,KRA: Your tax returns for the year have been filed successfully.
legitimate,I'll be out of the office next week on vacation. Please contact Sarah for urgent issues.
phishing,"Warning! M-Shwari loan limit decreased. Click here to increase your limit back to KES 30,000."
phishing,Fuliza Limit Warning: Your Fuliza limit will be reduced to urgent 0. Reply with your PIN to prevent this.
legitimate,"Hi mum, I arrived safely in Nairobi. I'll call you later in the evening."
legitimate,Don't forget to submit your timesheets by Friday afternoon.
phishing,"Warning! M-Shwari loan limit decreased. Click here to increase urgent your limit back to KES 30,000."
legitimate,"Hi team, just a reminder about our meeting at 2 PM today. See you there."
phishing,URGENT: Your M-Pesa account has been suspended. Click here to verify urgent your identity http://mpesa-verify.duckdns.org/verify?id=4985
phishing,"Hustler Fund Alert: Your loan of KES 10,000 has been approved. Pay a registration fee of KES 200 urgent to this till number to receive it."
phishing,Your PayPal account is restricted. Please update your billing information within 24 hours.
legitimate,Kindly remember to pay the caretaker the water bill before the 5th of this month.
phishing,Helb Loan disbursement delayed! Kindly click http://helb-portal-login.com to update your bank details immediately.
legitimate,"Hi, I have sent the 2k via M-Pesa. Let me know if you receive it."
legitimate,"Hi team, just a reminder about our meeting at 2 PM today. See you there."
legitimate,Your Amazon order #4694 has shipped and will arrive by tomorrow.
legitimate,KRA: Your tax returns for the year have been filed successfully.
legitimate,I'll be out of the office next week on vacation. Please contact Sarah for urgent issues.
legitimate,"Hi mum, I arrived safely in Nairobi. I'll call you later in the evening."
phishing,"Dear customer, your package could not be delivered. Pay the shipping fee here."
phishing,"KRA urgent Alert: You have a pending tax penalty of KES 5,000. Pay immediately via this link to avoid prosecution: http://kra-penalties.org"
phishing,You have a pending tax refund. Click here to fill out the form and claim your money.
phishing,Final Notice: Your invoice #2676 is overdue. Download the attached PDF to urgent view details.
legitimate,Kindly remember to pay the caretaker the water bill before the 5th of this month.
phishing,"Hustler Fund Alert: Your loan of KES 10,000 has been approved. Pay a registration fee of KES 200 to this till number to receive it."
legitimate,KRA: Your tax returns for the year have been filed successfully.
legitimate,Attached is the report you requested for Q3. Let me know if you need any changes.
phishing,URGENT: Your M-Pesa account has been suspended. Click here to verify your identity http://mpesa-verify.duckdns.org/verify?id=1614
legitimate,Reminder: The tech meetup at iHub starts at 9:00 AM on Saturday.
phishing,Your Apple ID has been locked for security reasons. Verify your account at the link below.
phishing,Urgent: Your account has been suspended. Click here to verify your identity.
legitimate,"Hey, are we still on for lunch tomorrow? Let me know what time works for you."
legitimate,Just checking in to see how the project is going. Let me know if you need help.
phishing,"Dear Parent, this is your child's teacher. Please send 2000 bob for an urgent school trip urgent to this number: 0712345678"
phishing,Warning: Your mailbox is almost full. Upgrade your storage by clicking the link.
phishing,Please review the attached secure document from HR regarding your salary update.
phishing,"Dear Customer, your Equity Bank account will be blocked today due to lack of KYC update. Click here to update: http://equity-update.com"
legitimate,Are you available for a quick sync later today?
phishing,Urgent: Your account has been suspended. Click here to verify your identity.
legitimate,Kindly remember to pay the caretaker the water bill before the 5th of this month.
phishing,Your Apple ID has been locked for security reasons. Verify your account at the link below.
legitimate,"Hey, are we still on for lunch tomorrow? Let me know what time works for you."
phishing,"Hustler Fund Alert: Your loan of KES 10,000 has been approved. Pay a registration fee of KES 200 to this till number to receive it."
phishing,Please review the attached secure document from HR regarding your salary update.
phishing,Warning: Your mailbox is almost full. Upgrade your storage by clicking the link.
phishing,Final Notice: Your invoice #8823 is overdue. Download the attached PDF to view details.
phishing,"KRA Alert: You have a pending tax penalty of KES 5,000. Pay immediately via this link to avoid prosecution: http://kra-penalties.org"
phishing,"Dear customer, your package could not be delivered. Pay the shipping fee here."
legitimate,Your Amazon order #2021 has shipped and will arrive by tomorrow.
phishing,Final Notice: Your invoice #8692 is overdue. Download the attached PDF to view details.
legitimate,Your flight to Chicago is confirmed. Here is your itinerary.
phishing,Your Netflix subscription has expired. Update your payment details to continue watching.
phishing,You have a pending tax urgent refund. Click here to fill out the form and claim your money.
phishing,You have a pending tax refund. Click here to fill out the form and claim your money.
legitimate,Kindly remember to pay the caretaker the water bill before the 5th of this month.
phishing,"Dear Parent, this is your child's teacher. Please send 2000 bob for an urgent school trip to this number: 0712345678"
legitimate,The server maintenance is scheduled for tonight at midnight. Expect brief downtime.
phishing,URGENT: Your M-Pesa account has been suspended. Click here to verify urgent your identity http://mpesa-verify.duckdns.org/verify?id=2059
phishing,Please review the attached secure document from HR regarding your salary update.
phishing,"Dear Customer, your Equity Bank account will be blocked today due to lack of KYC update. Click here to update: http://equity-update.com"
phishing,"Dear Parent, this is your child's teacher. Please send 2000 bob for an urgent school trip to this number: 0712345678"
legitimate,"Hi, I have sent the 2k via M-Pesa. Let me know if you receive it."
phishing,Your Netflix subscription has expired. Update your payment details to continue watching.
phishing,Your KPLC prepaid meter will be disconnected today. Pay outstanding balance here: http://kplc-payment.net
legitimate,Thank you for your recent purchase. Your receipt is attached.
legitimate,Your flight to Chicago is confirmed. Here is your itinerary.
legitimate,Can you please review this code PR when you have a moment?
legitimate,Reminder: The tech meetup at iHub starts at 9:00 AM on Saturday.
legitimate,Your Amazon order #5408 has shipped and will arrive by tomorrow.
legitimate,Can you please review this code PR when you have a moment?
legitimate,Your KPLC Token is 1234 5678 9012 3456 7890. Amount: KES 1000. Units: 45.2
legitimate,"Equity Bank: Your salary of KES 45,000 has been deposited to account ending in 4521."
legitimate,Don't forget to submit your timesheets by Friday afternoon.
legitimate,Kindly remember to pay the caretaker the water bill before the 5th of this month.
legitimate,"Safaricom: You have received KES 5,000 from John Doe. New M-PESA balance is KES 15,200."
legitimate,"Hey, are we still on for lunch tomorrow? Let me know what time works for you."
legitimate,Hello! Let's meet at Java House Kimathi Street at 4 PM for the interview.
legitimate,"Hi mum, I arrived safely in Nairobi. I'll call you later in the evening."
phishing,Your KPLC prepaid meter will be disconnected today. urgent Pay outstanding balance here: http://kplc-payment.net
legitimate,Just checking in to see how the project is going. Let me know if you need help.
phishing,"Safaricom: Congratulations! You have won KES 50,000 in the Shinda Mawe promotion. Call 0722000000 to claim."
phishing,Your PayPal account is restricted. Please update your billing information within 24 hours.
phishing,Final Notice: Your invoice #9785 is overdue. Download the attached PDF to view details.
legitimate,"Equity Bank: Your salary of KES 45,000 has been deposited to account ending in 4521."
legitimate,"Hi, I have sent the 2k via M-Pesa. Let me know if you receive it."
legitimate,"Equity Bank: Your salary of KES 45,000 has been deposited to account ending in 4521."
legitimate,Don't forget to submit your timesheets by Friday afternoon.
phishing,Urgent: urgent Your account has been suspended. Click here to verify your identity.
phishing,"Dear Parent, this is your child's teacher. urgent Please send 2000 bob for an urgent school trip to this number: 0712345678"
phishing,"Dear customer, your package could not be delivered. Pay the shipping fee here."
legitimate,Attached is the report you requested for Q3. Let me know if you need any changes.
legitimate,Your KPLC Token is 1234 5678 9012 3456 7890. Amount: KES 1000. Units: 45.2
legitimate,"Hi mum, I arrived safely in Nairobi. I'll call you later in the evening."
legitimate,Please find the meeting minutes attached for your review.
legitimate,"Hi mum, I arrived safely in Nairobi. I'll call you later in the evening."
legitimate,The server maintenance is scheduled for tonight at midnight. Expect brief downtime.
legitimate,Thank you for your recent purchase. Your receipt is attached.
phishing,URGENT: Your M-Pesa account has been suspended. Click here to verify your identity http://mpesa-verify.duckdns.org/verify?id=5508
phishing,"Safaricom: Congratulations! You have won KES 50,000 in the Shinda Mawe promotion. Call 0722000000 to claim."
phishing,Helb Loan disbursement delayed! Kindly click http://helb-portal-login.com to update your bank details immediately.
legitimate,Attached is the report you requested for Q3. Let me know if you need any changes.
legitimate,Attached is the report you requested for Q3. Let me know if you need any changes.
phishing,Your PayPal urgent account is restricted. Please update your billing information within 24 hours.
legitimate,"Hi, I have sent the 2k via M-Pesa. Let me know if you receive it."
legitimate,"Hi team, just a reminder about our meeting at 2 PM today. See you there."
phishing,"Dear Parent, this is your child's teacher. Please send 2000 bob for an urgent school trip to this number: 0712345678"
phishing,URGENT: Your M-Pesa account has been suspended. Click here to verify your identity http://mpesa-verify.duckdns.org/verify?id=6673
legitimate,KRA: Your tax returns for the year have been filed successfully.
phishing,"Dear customer, your package could not be delivered. Pay the shipping fee here."
phishing,Your Netflix subscription has expired. Update your payment details to continue watching.
phishing,"Dear Parent, this is your child's teacher. Please send 2000 urgent bob for an urgent school trip to this number: 0712345678"
legitimate,"Safaricom: You have received KES 5,000 from John Doe. New M-PESA balance is KES 15,200."
phishing,Helb Loan disbursement delayed! Kindly click http://helb-portal-login.com to update your bank details immediately.
phishing,You have won a $1000 Walmart gift card! Claim your prize now at this link.
legitimate,Are you available for a quick sync later today?
phishing,Your Apple ID has been locked for security reasons. Verify your account at the link below.
legitimate,"Equity Bank: Your salary of KES 45,000 has been deposited to account ending in 4521."
phishing,Final Notice: Your invoice #9982 is urgent overdue. Download the attached PDF to view details.
legitimate,Can you please review this code PR when you have a moment?
legitimate,"Hi mum, I arrived safely in Nairobi. I'll call you later in the evening."
phishing,"Warning! M-Shwari loan limit decreased. Click here to increase your limit back to KES 30,000."
phishing,Urgent: Your account has been suspended. Click here to verify your identity.
phishing,Urgent: Your account has been suspended. Click here to verify your identity. urgent
phishing,Your KPLC prepaid meter will be disconnected today. Pay outstanding balance here: http://kplc-payment.net
legitimate,Your flight to Chicago is confirmed. Here is your itinerary.
phishing,Congratulations! You are our lucky winner today. Click here to claim your reward.
phishing,You have won a $1000 Walmart gift card! Claim your prize now at this link.
phishing,"Hustler Fund Alert: Your loan of KES 10,000 has been approved. Pay a registration fee of KES 200 to this till number to receive it."
legitimate,Are you available for a quick sync later today?
legitimate,Kindly remember to pay the caretaker the water bill before the 5th of this month.
legitimate,Can you please review this code PR when you have a moment?
phishing,"Dear customer, your package could not be delivered. Pay the shipping fee here."
legitimate,"Hey, are we still on for lunch tomorrow? Let me know what time works for you."
legitimate,"Hi team, just a reminder about our meeting at 2 PM today. See you there."
phishing,Please review the urgent attached secure document from HR regarding your salary update.
phishing,Your PayPal account is restricted. Please update your billing information within 24 urgent hours.
legitimate,Are you available for a quick sync later today?
legitimate,Thank you for your recent purchase. Your receipt is attached.
phishing,You have won a $1000 Walmart gift card! Claim your prize now at urgent this link.
legitimate,Your Amazon order #5813 has shipped and will arrive by tomorrow.
legitimate,Thank you for your recent purchase. Your receipt is attached.
legitimate,I'll be out of the office next week on vacation. Please contact Sarah for urgent issues.
legitimate,Your flight to Chicago is confirmed. Here is your itinerary.
legitimate,Your Amazon order #2025 has shipped and will arrive by tomorrow.
phishing,Security Alert: We detected unusual login activity on your account. Reset your password immediately.
legitimate,"Hi, I have sent the 2k via M-Pesa. Let me know if you receive it."
phishing,URGENT: Your M-Pesa account has been suspended. Click here to verify your identity urgent http://mpesa-verify.duckdns.org/verify?id=7774
phishing,"urgent Dear customer, your package could not be delivered. Pay the shipping fee here."
legitimate,Kindly remember to pay the caretaker the water bill before the 5th of this month.
phishing,"Warning! M-Shwari loan limit decreased. Click here to increase your limit back to KES 30,000."
legitimate,"Hi, I have sent the 2k via M-Pesa. Let me know if you receive it."
phishing,Your KPLC prepaid meter will be disconnected today. Pay outstanding balance here: http://kplc-payment.net
legitimate,Thank you for your recent purchase. Your receipt is attached.
legitimate,Don't forget to submit your timesheets by Friday afternoon.
legitimate,"Hi, I have sent the 2k via M-Pesa. Let me know if you receive it."
legitimate,Just checking in to see how the project is going. Let me know if you need help.
legitimate,Just checking in to see how the project is going. Let me know if you need help.
legitimate,"Hey, are we still on for lunch tomorrow? Let me know what time works for you."
legitimate,Can you please review this code PR when you have a moment?
phishing,URGENT: Your M-Pesa account has been suspended. Click here to verify your identity http://mpesa-verify.duckdns.org/verify?id=8965
phishing,"Warning! M-Shwari loan limit decreased. Click here to increase your limit back to KES 30,000."
phishing,Warning: Your mailbox is almost full. Upgrade your storage by clicking the link.
legitimate,Don't forget to submit your timesheets by Friday afternoon.
phishing,Exclusive offer! Buy cheap medications online without prescription.
phishing,Urgent: Your account has been suspended. Click here to verify your identity.
phishing,Warning: Your mailbox is almost full. Upgrade your storage by clicking the link.
phishing,"Warning! M-Shwari loan limit decreased. Click here to increase your limit back to KES 30,000."
phishing,"Dear Customer, your Equity Bank account will be blocked today due to lack of KYC update. Click here to update: http://equity-update.com"
phishing,"Warning! M-Shwari loan limit decreased. Click here to increase your limit back to KES 30,000."
legitimate,KRA: Your tax returns for the year have been filed successfully.
phishing,Security Alert: We detected unusual login activity on your account. Reset your password immediately.
phishing,Action Required: Verify your email address to avoid service interruption.
legitimate,"Hey, are we still on for lunch tomorrow? Let me know what time works for you."
legitimate,Can you please review this code PR when you have a moment?
legitimate,"Hey, are we still on for lunch tomorrow? Let me know what time works for you."
legitimate,Thank you for your recent purchase. Your receipt is attached.
phishing,"Dear Parent, this is your child's teacher. Please send 2000 bob for an urgent school trip to this number: 0712345678"
phishing,Your PayPal account is restricted. Please update your billing information within 24 hours.
legitimate,Just checking in to see how the project is going. Let me know if you need help.
phishing,Your Netflix subscription has expired. Update your payment details to continue watching.
legitimate,"Hi mum, I arrived safely in Nairobi. I'll call you later in the evening."
phishing,"Hustler Fund Alert: Your loan of KES 10,000 has been approved. Pay a registration fee of KES 200 to this till number to receive it."
legitimate,Can you please review this code PR when you have a moment?
legitimate,"Hi, I have sent the 2k via M-Pesa. Let me know if you receive it."
phishing,"Dear Parent, this is your child's teacher. Please send 2000 bob for an urgent school trip to this number: 0712345678"
phishing,Final Notice: Your invoice #9336 is overdue. Download the attached PDF to view details.
phishing,"Dear customer, your package could not be delivered. Pay the shipping fee here."
legitimate,Your KPLC Token is 1234 5678 9012 3456 7890. Amount: KES 1000. Units: 45.2
legitimate,Your KPLC Token is 1234 5678 9012 3456 7890. Amount: KES 1000. Units: 45.2
phishing,"Hustler Fund Alert: Your loan of KES 10,000 has been approved. Pay a registration fee of KES 200 to this till number to receive it."
phishing,Urgent: Your account has been suspended. Click here to verify your identity.
legitimate,Your Amazon order #6923 has shipped and will arrive by tomorrow.
phishing,Alert: Someone tried to access your bank account from a new device. Secure it now.
phishing,Final Notice: Your invoice #4408 is urgent overdue. Download the attached PDF to view details.
phishing,Your Netflix subscription has expired. Update your payment details to continue watching.
phishing,Exclusive offer! Buy cheap medications online without prescription.
phishing,Helb Loan disbursement delayed! Kindly click http://helb-portal-login.com to urgent update your bank details immediately.
legitimate,Just checking in to see how the project is going. Let me know if you need help.
phishing,"Warning! M-Shwari loan limit decreased. Click here to increase your limit back to KES 30,000."
legitimate,Can you please review this code PR when you have a moment?
phishing,Warning: Your mailbox is almost full. Upgrade your storage by clicking the link.
legitimate,Thank you for your recent purchase. Your receipt is attached.
legitimate,Happy Birthday! Hope you have a wonderful day celebrating.
legitimate,Just checking in to see how the project is going. Let me know if you need help.
phishing,Exclusive offer! Buy cheap medications online without prescription.
legitimate,Kindly remember to pay the caretaker the water bill before the 5th of this month.
legitimate,Don't forget to submit your timesheets by Friday afternoon.
phishing,Your Netflix subscription has expired. Update your payment details to continue watching.
phishing,"KRA Alert: You have a pending tax penalty of KES 5,000. Pay immediately via this link to avoid prosecution: http://kra-penalties.org"
phishing,Security Alert: We detected unusual login activity on your account. Reset your password immediately.
phishing,Your Netflix subscription has expired. Update your payment details to continue watching.
legitimate,Please find the meeting minutes attached for your review.
legitimate,Are you available for a quick sync later today?
legitimate,Happy Birthday! Hope you have a wonderful day celebrating.
legitimate,"Hey, are we still on for lunch tomorrow? Let me know what time works for you."
phishing,Congratulations! You are our lucky winner today. Click here to claim your reward.
legitimate,Attached is the report you requested for Q3. Let me know if you need any changes.
legitimate,Thank you for your recent purchase. Your receipt is attached.
phishing,Warning: Your mailbox is almost full. Upgrade your storage by clicking the link.
phishing,Warning: Your mailbox is almost full. Upgrade your storage by clicking the link.
legitimate,"Safaricom: You have received KES 5,000 from John Doe. New M-PESA balance is KES 15,200."
legitimate,Just checking in to see how the project is going. Let me know if you need help.
legitimate,Safaricom: Your data bundle is below 10MB. Dial *544# to buy another bundle.
legitimate,Just checking in to see how the project is going. Let me know if you need help.
phishing,Alert: Someone tried to access urgent your bank account from a new device. Secure it now.
legitimate,Can you please review this code PR when you have a moment?
legitimate,Hello! Let's meet at Java House Kimathi Street at 4 PM for the interview.
legitimate,"Safaricom: You have received KES 5,000 from John Doe. New M-PESA balance is KES 15,200."
phishing,You have a pending tax refund. Click here to fill out the form and claim your money.
phishing,Exclusive offer! Buy cheap medications online without prescription.
legitimate,"Hi team, just a reminder about our meeting at 2 PM today. See you there."
legitimate,"Equity Bank: Your salary of KES 45,000 has been deposited to account ending in 4521."
phishing,Your KPLC prepaid meter will be disconnected today. Pay outstanding balance here: http://kplc-payment.net
legitimate,Just checking in to see how the project is going. Let me know if you need help.
phishing,"Safaricom: Congratulations! You have won KES 50,000 in the urgent Shinda Mawe promotion. Call 0722000000 to claim."
legitimate,Are you available for a quick sync later today?
phishing,Alert: Someone tried to access your bank account from a new device. Secure it now.
legitimate,"Safaricom: You have received KES 5,000 from John Doe. New M-PESA balance is KES 15,200."
legitimate,Safaricom: Your data bundle is below 10MB. Dial *544# to buy another bundle.
phishing,Urgent: Your account has been suspended. Click here urgent to verify your identity.
phishing,Your KPLC prepaid meter will be disconnected today. Pay outstanding balance here: http://kplc-payment.net
phishing,"Dear Customer, your Equity Bank account will be blocked today due to urgent lack of KYC update. Click here to update: http://equity-update.com"
legitimate,KRA: Your tax returns for the year have been filed successfully.
legitimate,Your Amazon order #1956 has shipped and will arrive by tomorrow.
legitimate,I'll be out of the office next week on vacation. Please contact Sarah for urgent issues.
phishing,"Warning! M-Shwari loan limit decreased. Click here urgent to increase your limit back to KES 30,000."
legitimate,Attached is the report you requested for Q3. Let me know if you need any changes.
legitimate,Reminder: The tech meetup at iHub starts at 9:00 AM on Saturday.
phishing,Your PayPal account is restricted. Please update your billing information within 24 hours.
phishing,Your Apple ID has urgent been locked for security reasons. Verify your account at the link below.
legitimate,Hello! Let's meet at Java House Kimathi Street at 4 PM for the interview.
legitimate,Attached is the report you requested for Q3. Let me know if you need any changes.
legitimate,Can you please review this code PR when you have a moment?
legitimate,Hello! Let's meet at Java House Kimathi Street at 4 PM for the interview.
phishing,Your Netflix subscription has expired. Update your payment urgent details to continue watching.
legitimate,"Hi mum, I arrived safely in Nairobi. I'll call you later in the evening."
legitimate,Safaricom: Your data bundle is below 10MB. Dial *544# to buy another bundle.
phishing,Congratulations! You are our lucky winner today. Click here to claim your reward.
legitimate,"Hey, are we still on for lunch tomorrow? Let me know what time works for you."
legitimate,Thanks for reaching out! I'll get back to you as soon as possible.
legitimate,Happy Birthday! Hope you have a wonderful day celebrating.
phishing,Alert: Someone tried to access your bank account from a new device. Secure it now.
legitimate,"Safaricom: You have received KES 5,000 from John Doe. New M-PESA balance is KES 15,200."
legitimate,KRA: Your tax returns for the year have been filed successfully.
legitimate,"Hi, I have sent the 2k via M-Pesa. Let me know if you receive it."
legitimate,"Safaricom: You have received KES 5,000 from John Doe. New M-PESA balance is KES 15,200."
phishing,"Dear Parent, this is your child's teacher. Please send 2000 bob for an urgent school trip to this number: 0712345678"
phishing,You have won a $1000 Walmart gift card! Claim your prize now at this link.
phishing,Helb Loan disbursement delayed! Kindly click http://helb-portal-login.com to update your bank details immediately.
legitimate,Safaricom: Your data bundle is below 10MB. Dial *544# to buy another bundle.
phishing,Exclusive offer! Buy cheap medications online without prescription.
legitimate,"Hi, I have sent the 2k via M-Pesa. Let me know if you receive it."
phishing,Warning: Your mailbox is almost full. Upgrade your storage by clicking the link.
phishing,You have a pending tax refund. Click here to fill out the form and claim your money.
legitimate,Can you please review this code PR when you have a moment?
phishing,Alert: Someone tried to access your bank account from a new device. Secure it now.
phishing,"Dear customer, your package could not be delivered. Pay the shipping fee here."
legitimate,Happy Birthday! Hope you have a wonderful day celebrating.
phishing,"Warning! M-Shwari loan limit decreased. Click here to increase your limit back to KES 30,000."
phishing,"Warning! M-Shwari loan limit decreased. Click here to increase your limit back to KES 30,000."
phishing,Urgent: Your account has been suspended. Click here to verify your identity.
legitimate,Your flight to Chicago is confirmed. Here is your itinerary.
phishing,Your KPLC prepaid meter will be disconnected today. Pay outstanding balance here: http://kplc-payment.net
phishing,You have won a $1000 Walmart gift card! Claim your prize now at this link.
legitimate,Hello! Let's meet at Java House Kimathi Street at 4 PM for the interview.
legitimate,Hello! Let's meet at Java House Kimathi Street at 4 PM for the interview.
legitimate,Your flight to Chicago is confirmed. Here is your itinerary.
legitimate,Can you please review this code PR when you have a moment?
legitimate,Safaricom: Your data bundle is below 10MB. Dial *544# to buy another bundle.
phishing,"Hustler Fund Alert: Your loan of KES 10,000 has been approved. Pay a registration fee of KES 200 to this till number to receive it."
legitimate,"Equity Bank: Your salary of KES 45,000 has been deposited to account ending in 4521."
legitimate,Please find the meeting minutes attached for your review.
legitimate,Attached is the report you requested for Q3. Let me know if you need any changes.
legitimate,Can you please review this code PR when you have a moment?
phishing,Final Notice: Your invoice #9890 is overdue. Download the attached PDF to view details. urgent
legitimate,Your KPLC Token is 1234 5678 9012 3456 7890. Amount: KES 1000. Units: 45.2
legitimate,"Safaricom: You have received KES 5,000 from John Doe. New M-PESA balance is KES 15,200."
phishing,You have won a $1000 Walmart gift card! Claim your prize now at this link.
legitimate,Happy Birthday! Hope you have a wonderful day celebrating.
legitimate,Happy Birthday! Hope you have a wonderful day celebrating.
phishing,"KRA Alert: You have a pending tax penalty of KES 5,000. Pay immediately via this link to avoid prosecution: http://kra-penalties.org"
phishing,"Hustler Fund Alert: Your loan of KES 10,000 has been approved. Pay a registration fee of KES 200 to this till number to receive it."
phishing,Final Notice: Your invoice #3898 is overdue. Download the attached PDF to view details.
legitimate,"Equity Bank: Your salary of KES 45,000 has been deposited to account ending in 4521."
phishing,You have a pending tax refund. Click here to fill out the form and claim your money.
legitimate,Happy Birthday! Hope you have a wonderful day celebrating.
legitimate,Your flight to Chicago is confirmed. Here is your itinerary.
legitimate,"Safaricom: You have received KES 5,000 from John Doe. New M-PESA balance is KES 15,200."
legitimate,"Hey, are we still on for lunch tomorrow? Let me know what time works for you."
legitimate,Hello! Let's meet at Java House Kimathi Street at 4 PM for the interview.
phishing,"Warning! M-Shwari loan limit decreased. Click here to increase your limit back to KES 30,000."
legitimate,Please find the meeting minutes attached for your review.
phishing,Your Apple ID has been locked for security reasons. Verify your account at the link below.
phishing,Your Apple ID has been locked for urgent security reasons. Verify your account at the link below.
phishing,Security Alert: We detected unusual login activity on your account. Reset your password immediately.
legitimate,Your Amazon order #7312 has shipped and will arrive by tomorrow.
phishing,Please review the attached secure document from HR regarding your salary update.
legitimate,Please find the meeting minutes attached for your review.
legitimate,Thank you for your recent purchase. Your receipt is attached.
phishing,Your Apple ID has been locked for security reasons. Verify your account at the link below.
legitimate,Attached is the report you requested for Q3. Let me know if you need any changes.
legitimate,Thank you for your recent purchase. Your receipt is attached.
phishing,Action Required: Verify your email address to avoid service interruption.
phishing,"Hustler Fund Alert: Your loan of KES 10,000 has been approved. Pay a registration fee of KES 200 to this till number to receive it."
legitimate,Hello! Let's meet at Java House Kimathi Street at 4 PM for the interview.
legitimate,Your Amazon order #7773 has shipped and will arrive by tomorrow.
phishing,Alert: Someone tried to access your bank account from a new device. Secure it now.
legitimate,Thanks for reaching out! I'll get back to you as soon as possible.
phishing,Congratulations! You are our lucky winner today. Click here to claim your reward.
legitimate,Thanks for reaching out! I'll get back to you as soon as possible.
legitimate,Just checking in to see how the project is going. Let me know if you need help.
phishing,URGENT: Your M-Pesa account has been suspended. Click here to verify your identity http://mpesa-verify.duckdns.org/verify?id=1685
legitimate,"Hey, are we still on for lunch tomorrow? Let me know what time works for you."
phishing,"Hustler Fund Alert: Your loan of KES 10,000 has been approved. Pay a registration fee of KES 200 to this till number to receive it."
legitimate,"Safaricom: You have received KES 5,000 from John Doe. New M-PESA balance is KES 15,200."
phishing,"Dear Parent, this is your child's teacher. Please send 2000 bob for an urgent school trip to this number: 0712345678"
legitimate,Your Amazon order #7227 has shipped and will arrive by tomorrow.
legitimate,Happy Birthday! Hope you have a wonderful day celebrating.
legitimate,Thanks for reaching out! I'll get back to you as soon as possible.
phishing,Congratulations! You are our lucky winner today. Click here to claim your reward.
legitimate,"Hey, are we still on for lunch tomorrow? Let me know what time works for you."
phishing,Congratulations! You are our lucky winner today. Click here to claim your reward.
legitimate,Thanks for reaching out! I'll get back to you as soon as possible.
legitimate,"Equity Bank: Your salary of KES 45,000 has been deposited to account ending in 4521."
phishing,"KRA Alert: You have a pending tax penalty of KES 5,000. Pay immediately via urgent this link to avoid prosecution: http://kra-penalties.org"
phishing,Fuliza Limit Warning: Your Fuliza limit will be reduced to 0. Reply with your PIN to prevent this.
phishing,You have a pending tax refund. Click here to fill out the form and claim your money.
phishing,Your KPLC prepaid meter will be disconnected today. Pay outstanding balance urgent here: http://kplc-payment.net
phishing,Exclusive offer! Buy cheap urgent medications online without prescription.
phishing,Exclusive offer! Buy cheap medications online without prescription.
phishing,"Dear Parent, this is your child's teacher. Please send 2000 bob for an urgent school trip to this number: 0712345678"
phishing,"Warning! M-Shwari loan limit decreased. Click here to increase your limit back to KES 30,000."
legitimate,"Hi, I have sent the 2k via M-Pesa. Let me know if you receive it."
phishing,Your PayPal account is restricted. Please update your billing information within 24 hours.
phishing,Final Notice: Your invoice #4086 is overdue. Download the attached PDF to view details.
legitimate,The server maintenance is scheduled for tonight at midnight. Expect brief downtime.
legitimate,"Hi team, just a reminder about our meeting at 2 PM today. See you there."
phishing,Urgent: Your account has been suspended. Click here to verify your identity.
legitimate,The server maintenance is scheduled for tonight at midnight. Expect brief downtime.
phishing,"Dear customer, your package could not be delivered. Pay the shipping fee here."
phishing,Your Netflix subscription has expired. Update your payment details to continue watching.
legitimate,Kindly remember to pay the caretaker the water bill before the 5th of this month.
legitimate,"Hi team, just a reminder about our meeting at 2 PM today. See you there."
legitimate,Just checking in to see how the project is going. Let me know if you need help.
phishing,Warning: Your mailbox is almost full. Upgrade your storage by clicking the link.
legitimate,"Equity Bank: Your salary of KES 45,000 has been deposited to account ending in 4521."
phishing,"Safaricom: Congratulations! You have won KES 50,000 in the Shinda Mawe promotion. Call 0722000000 to claim."
phishing,"Dear Customer, your Equity Bank account will be blocked today due to lack of KYC update. Click here to update: http://equity-update.com"
legitimate,Can you please review this code PR when you have a moment?
legitimate,Don't forget to submit your timesheets by Friday afternoon.
legitimate,Please find the meeting minutes attached for your review.
phishing,Final Notice: Your urgent invoice #9438 is overdue. Download the attached PDF to view details.
legitimate,Reminder: The tech meetup at iHub starts at 9:00 AM on Saturday.
phishing,Warning: Your mailbox is almost full. Upgrade your storage by clicking the link.
legitimate,Safaricom: Your data bundle is below 10MB. Dial *544# to buy another bundle.
legitimate,"Hi, I have sent the 2k via M-Pesa. Let me know if you receive it."
phishing,You have a pending tax refund. Click here to fill out the form and claim your money.
legitimate,Attached is the report you requested for Q3. Let me know if you need any changes.
legitimate,KRA: Your tax returns for the year have been filed successfully.
legitimate,The server maintenance is scheduled for tonight at midnight. Expect brief downtime.
phishing,Fuliza Limit Warning: Your Fuliza limit will be reduced to 0. Reply with your PIN to prevent this.
legitimate,Can you please review this code PR when you have a moment?
legitimate,Are you available for a quick sync later today?
phishing,Your Apple ID has been locked for security reasons. Verify your account at the link below.
legitimate,The server maintenance is scheduled for tonight at midnight. Expect brief downtime.
legitimate,"Hey, are we still on for lunch tomorrow? Let me know what time works for you."
legitimate,Attached is the report you requested for Q3. Let me know if you need any changes.
legitimate,"Equity Bank: Your salary of KES 45,000 has been deposited to account ending in 4521."
phishing,Helb Loan disbursement delayed! Kindly click http://helb-portal-login.com to update your bank details immediately.
legitimate,Safaricom: Your data bundle is below 10MB. Dial *544# to buy another bundle.
legitimate,Safaricom: Your data bundle is below 10MB. Dial *544# to buy another bundle.
legitimate,Are you available for a quick sync later today?
legitimate,Are you available for a quick sync later today?
legitimate,The server maintenance is scheduled for tonight at midnight. Expect brief downtime.
legitimate,Don't forget to submit your timesheets by Friday afternoon.
legitimate,Your flight to Chicago is confirmed. Here is your itinerary.
legitimate,Please find the meeting minutes attached for your review.
phishing,Final Notice: Your invoice #5130 is overdue. Download the attached PDF to view details.
legitimate,"Hi mum, I arrived safely in Nairobi. I'll call you later in the evening."
legitimate,Thank you for your recent purchase. Your receipt is attached.
phishing,Your Netflix subscription has expired. Update your payment details to continue watching.
legitimate,"Hi, I have sent the 2k via M-Pesa. Let me know if you receive it."
legitimate,Safaricom: Your data bundle is below 10MB. Dial *544# to buy another bundle.
phishing,Fuliza Limit Warning: Your Fuliza limit will be reduced to 0. Reply with your PIN to prevent this.
phishing,Fuliza Limit Warning: Your Fuliza limit will be reduced to 0. Reply with your PIN to prevent this.
legitimate,"Hi, I have sent the 2k via M-Pesa. Let me know if you receive it."
phishing,"Dear customer, your package urgent could not be delivered. Pay the shipping fee here."
phishing,Security Alert: We detected unusual login activity on your account. Reset your password immediately.
phishing,Urgent: Your account has been suspended. Click here to verify your identity.
legitimate,Don't forget to submit your timesheets by Friday afternoon.
phishing,You have won a $1000 Walmart gift card! Claim your prize now at this link.
phishing,Urgent: Your account has been suspended. Click here to verify your identity.
legitimate,"Equity Bank: Your salary of KES 45,000 has been deposited to account ending in 4521."
phishing,Your KPLC prepaid meter will be disconnected today. Pay outstanding balance here: http://kplc-payment.net
legitimate,Your Amazon order #9011 has shipped and will arrive by tomorrow.
phishing,You have won a $1000 Walmart gift card! Claim your prize now at this link.
legitimate,Reminder: The tech meetup at iHub starts at 9:00 AM on Saturday.
legitimate,Reminder: The tech meetup at iHub starts at 9:00 AM on Saturday.
phishing,"Dear customer, your package could not be delivered. Pay the shipping fee here."
phishing,Your Apple ID has been locked for security reasons. Verify your account at the link below.
legitimate,"Hi mum, I arrived safely in Nairobi. I'll call you later in the evening."
phishing,"Dear Parent, this is your child's teacher. Please send 2000 bob for an urgent school trip to this number: 0712345678"
phishing,Exclusive offer! Buy cheap medications online without prescription.
phishing,Security Alert: We detected unusual login activity on your account. Reset your password immediately.
phishing,Your KPLC prepaid meter will be disconnected today. Pay outstanding balance here: http://kplc-payment.net
legitimate,"Hi mum, I arrived safely in Nairobi. I'll call you later in the evening."
legitimate,Safaricom: Your data bundle is below 10MB. Dial *544# to buy another bundle.
legitimate,Just checking in to see how the project is going. Let me know if you need help.
legitimate,"Hi team, just a reminder about our meeting at 2 PM today. See you there."
phishing,Exclusive offer! Buy cheap medications online without prescription.
phishing,"Dear customer, your package could not be delivered. Pay the shipping fee here."
legitimate,Happy Birthday! Hope you have a wonderful day celebrating.
phishing,Final Notice: Your invoice #3828 is overdue. Download the attached PDF to view details.
legitimate,Thanks for reaching out! I'll get back to you as soon as possible.
legitimate,"Hi, I have sent the 2k via M-Pesa. Let me know if you receive it."
legitimate,"Hi, I have sent the 2k via M-Pesa. Let me know if you receive it."
phishing,Alert: Someone tried to access your bank account from a new device. Secure it now.
phishing,Urgent: Your account has been suspended. Click here to verify your identity.
phishing,"Dear Parent, this is your child's teacher. Please send 2000 bob for an urgent school trip to this number: 0712345678"
legitimate,Your flight to Chicago is confirmed. Here is your itinerary.
legitimate,"Hi mum, I arrived safely in Nairobi. I'll call you later in the evening."
legitimate,"Equity Bank: Your salary of KES 45,000 has been deposited to account ending in 4521."
phishing,Warning: Your mailbox is almost full. Upgrade your storage by clicking the link.
legitimate,Thanks for reaching out! I'll get back to you as soon as possible.
legitimate,Safaricom: Your data bundle is below 10MB. Dial *544# to buy another bundle.
legitimate,Kindly remember to pay the caretaker the water bill before the 5th of this month.
legitimate,Please find the meeting minutes attached for your review.
legitimate,"Hi mum, I arrived safely in Nairobi. I'll call you later in the evening."
legitimate,Please find the meeting minutes attached for your review.
phishing,"Warning! M-Shwari loan limit decreased. Click here to increase your limit back to KES 30,000."
phishing,Security Alert: We detected unusual login activity on your account. Reset your password immediately.
phishing,You have a pending tax refund. Click here to fill out the form and claim your money.
legitimate,Safaricom: Your data bundle is below 10MB. Dial *544# to buy another bundle.
phishing,Security Alert: We detected unusual login activity on your account. Reset your password immediately.
legitimate,Just checking in to see how the project is going. Let me know if you need help.
phishing,"KRA Alert: You have a pending tax penalty of KES 5,000. Pay immediately via this link to avoid prosecution: http://kra-penalties.org"
legitimate,Hello! Let's meet at Java House Kimathi Street at 4 PM for the interview.
legitimate,Reminder: The tech meetup at iHub starts at 9:00 AM on Saturday.
legitimate,Your flight to Chicago is confirmed. Here is your itinerary.
phishing,Fuliza Limit Warning: Your Fuliza limit will be reduced to 0. Reply with your PIN to prevent this.
phishing,Congratulations! You are our lucky winner today. Click here to claim your reward. urgent
legitimate,Happy Birthday! Hope you have a wonderful day celebrating.
phishing,"Safaricom: Congratulations! You have won KES 50,000 in the Shinda Mawe promotion. Call 0722000000 to claim."
legitimate,Reminder: The tech meetup at iHub starts at 9:00 AM on Saturday.
legitimate,"Hey, are we still on for lunch tomorrow? Let me know what time works for you."
phishing,"Warning! M-Shwari loan limit decreased. Click here to increase your limit back to KES 30,000."
legitimate,Thank you for your recent purchase. Your receipt is attached.
legitimate,Are you available for a quick sync later today?
legitimate,KRA: Your tax returns for the year have been filed successfully.
legitimate,Don't forget to submit your timesheets by Friday afternoon.
phishing,You have a pending tax urgent refund. Click here to fill out the form and claim your money.
legitimate,Thank you for your recent purchase. Your receipt is attached.
phishing,You have a pending tax refund. Click here to fill out the form and claim your money.
phishing,Warning: urgent Your mailbox is almost full. Upgrade your storage by clicking the link.
phishing,URGENT: Your M-Pesa account has been suspended. Click here to verify your identity http://mpesa-verify.duckdns.org/verify?id=3814
legitimate,"Hi team, just a reminder about our meeting at 2 PM today. See you there."
phishing,Your KPLC prepaid meter will be urgent disconnected today. Pay outstanding balance here: http://kplc-payment.net
phishing,"Dear Parent, this is your child's teacher. Please send 2000 bob for an urgent school trip to this number: 0712345678"
phishing,"Dear customer, your package could not be delivered. Pay the shipping fee here."
legitimate,Hello! Let's meet at Java House Kimathi Street at 4 PM for the interview.
phishing,Your Apple ID has been locked urgent for security reasons. Verify your account at the link below.
phishing,"Hustler Fund Alert: Your loan of KES 10,000 has been approved. Pay a registration fee of KES 200 to this till number to receive it."
phishing,"KRA Alert: You have a pending tax penalty of KES 5,000. Pay immediately via this link to avoid prosecution: http://kra-penalties.org"
legitimate,Just checking in to see how the project is going. Let me know if you need help.
legitimate,"Hi, I have sent the 2k via M-Pesa. Let me know if you receive it."
legitimate,Safaricom: Your data bundle is below 10MB. Dial *544# to buy another bundle.
legitimate,Please find the meeting minutes attached for your review.
phishing,Your KPLC prepaid meter will be disconnected today. Pay outstanding balance here: http://kplc-payment.net
legitimate,Please find the meeting minutes attached for your review.
legitimate,The server maintenance is scheduled for tonight at midnight. Expect brief downtime.
phishing,"Safaricom: Congratulations! You urgent have won KES 50,000 in the Shinda Mawe promotion. Call 0722000000 to claim."
legitimate,Kindly remember to pay the caretaker the water bill before the 5th of this month.
phishing,Your urgent KPLC prepaid meter will be disconnected today. Pay outstanding balance here: http://kplc-payment.net
phishing,Security Alert: We detected unusual login activity on your account. Reset your password immediately.
phishing,Congratulations! You are our lucky winner today. Click here to claim your reward.
phishing,You have won a $1000 Walmart gift urgent card! Claim your prize now at this link.
phishing,"Warning! M-Shwari loan limit decreased. Click here to increase your limit back to KES 30,000."
legitimate,Attached is the report you requested for Q3. Let me know if you need any changes.
legitimate,Thank you for your recent purchase. Your receipt is attached.
phishing,Security Alert: We detected unusual login activity on your account. Reset your password immediately.
phishing,URGENT: Your M-Pesa account has been suspended. urgent Click here to verify your identity http://mpesa-verify.duckdns.org/verify?id=7016
legitimate,"Hi team, just a reminder about our meeting at 2 PM today. See you there."
legitimate,"Equity Bank: Your salary of KES 45,000 has been deposited to account ending in 4521."
phishing,"Dear Parent, this is your child's teacher. Please send 2000 bob for an urgent school trip to this number: 0712345678"
phishing,Fuliza Limit Warning: Your Fuliza limit will be reduced to 0. Reply with your PIN to prevent this.
phishing,"Hustler Fund Alert: Your loan of KES 10,000 has been approved. Pay a registration fee of KES 200 to this till number to receive it."
legitimate,Reminder: The tech meetup at iHub starts at 9:00 AM on Saturday.
legitimate,KRA: Your tax returns for the year have been filed successfully.
legitimate,Your Amazon order #3921 has shipped and will arrive by tomorrow.
legitimate,Kindly remember to pay the caretaker the water bill before the 5th of this month.
legitimate,Just checking in to see how the project is going. Let me know if you need help.
phishing,Congratulations! You are our lucky winner today. Click here to claim your reward.
legitimate,Thanks for reaching out! I'll get back to you as soon as possible.
legitimate,Your KPLC Token is 1234 5678 9012 3456 7890. Amount: KES 1000. Units: 45.2
legitimate,Are you available for a quick sync later today?
legitimate,Your flight to Chicago is confirmed. Here is your itinerary.
phishing,Security Alert: We detected unusual login activity on your account. Reset your password immediately.
phishing,"Warning! M-Shwari loan limit decreased. Click here to increase your limit back to KES 30,000."
legitimate,"Hey, are we still on for lunch tomorrow? Let me know what time works for you."
legitimate,Can you please review this code PR when you have a moment?
phishing,"Dear Parent, this is your child's teacher. Please send 2000 bob for an urgent school trip to this number: 0712345678"
phishing,Action Required: Verify your email address to avoid urgent service interruption.
phishing,Please review the attached secure document from HR regarding your salary update.
legitimate,"Hi team, just a reminder about our meeting at 2 PM today. See you there."
legitimate,Your Amazon order #7261 has shipped and will arrive by tomorrow.
phishing,Final Notice: Your invoice #5110 is overdue. Download the attached PDF to view details.
phishing,Your Netflix subscription has expired. Update your payment details to continue watching.
phishing,Your Apple ID has been locked for security reasons. Verify your account at the link below.
phishing,Your KPLC prepaid meter will be disconnected today. Pay outstanding balance here: http://kplc-payment.net
phishing,Alert: Someone tried to access your bank account from a new device. Secure it now.
legitimate,Attached is the report you requested for Q3. Let me know if you need any changes.
phishing,Final Notice: Your invoice #9542 is overdue. Download the attached PDF to view details.
legitimate,Reminder: The tech meetup at iHub starts at 9:00 AM on Saturday.
phishing,Your Netflix subscription has expired. Update your payment details to continue watching.
legitimate,"Safaricom: You have received KES 5,000 from John Doe. New M-PESA balance is KES 15,200."
legitimate,Reminder: The tech meetup at iHub starts at 9:00 AM on Saturday.
legitimate,Are you available for a quick sync later today?
phishing,"Dear Customer, your Equity Bank account will be blocked today due to lack of KYC update. Click here to update: http://equity-update.com"
phishing,You have won a $1000 Walmart gift card! Claim urgent your prize now at this link.
phishing,Your Apple ID has been locked for security reasons. Verify your account at the link below.
legitimate,KRA: Your tax returns for the year have been filed successfully.
phishing,Fuliza Limit Warning: Your Fuliza limit will be reduced to 0. Reply with your PIN to prevent this.
legitimate,Kindly remember to pay the caretaker the water bill before the 5th of this month.
legitimate,Are you available for a quick sync later today?
legitimate,Your Amazon order #3814 has shipped and will arrive by tomorrow.
legitimate,Your KPLC Token is 1234 5678 9012 3456 7890. Amount: KES 1000. Units: 45.2
legitimate,KRA: Your tax returns for the year have been filed successfully.
phishing,Alert: Someone tried to access your bank account from a new device. Secure it now.
phishing,"Hustler Fund Alert: Your loan of KES 10,000 has been approved. Pay a registration fee of KES 200 to this till number to receive it."
phishing,"Dear customer, your package could not be delivered. Pay the shipping fee here."
phishing,Your KPLC prepaid meter will be disconnected today. Pay outstanding balance here: http://kplc-payment.net
legitimate,"Hi team, just a reminder about our meeting at 2 PM today. See you there."
phishing,"Safaricom: Congratulations! You have won KES 50,000 in the Shinda Mawe promotion. Call 0722000000 to claim."
legitimate,Safaricom: Your data bundle is below 10MB. Dial *544# to buy another bundle.
phishing,Security Alert: We detected unusual login activity on your account. Reset your password immediately.
legitimate,Your flight to Chicago is confirmed. Here is your itinerary.
phishing,Security Alert: We detected unusual login activity on urgent your account. Reset your password immediately.
phishing,You have won a $1000 Walmart gift card! Claim your prize now at this link.
phishing,"Dear customer, your package could not be delivered. Pay the shipping fee here."
phishing,Please review the attached secure document from HR regarding your salary update.
legitimate,Your KPLC Token is 1234 5678 9012 3456 7890. Amount: KES 1000. Units: 45.2
phishing,Security Alert: We detected unusual login activity on your account. Reset your password immediately.
legitimate,Are you available for a quick sync later today?
phishing,Congratulations! You are our lucky winner today. Click here to claim your reward.
legitimate,Please find the meeting minutes attached for your review.
phishing,Alert: Someone tried to access your bank account from urgent a new device. Secure it now.
phishing,"Warning! M-Shwari loan limit decreased. Click here to increase your limit back to KES 30,000."
legitimate,"Safaricom: You have received KES 5,000 from John Doe. New M-PESA balance is KES 15,200."
legitimate,"Safaricom: You have received KES 5,000 from John Doe. New M-PESA balance is KES 15,200."
phishing,"Dear customer, your package could not be delivered. Pay the shipping fee here."
phishing,You have a pending tax refund. Click here to urgent fill out the form and claim your money.
legitimate,"Hi mum, I arrived safely in Nairobi. I'll call you later in the evening."
phishing,You have won a $1000 urgent Walmart gift card! Claim your prize now at this link.
phishing,"Dear customer, your package could not be delivered. Pay the shipping fee urgent here."
legitimate,Please find the meeting minutes attached for your review.
phishing,You have a pending tax refund. Click here to fill out the form and claim your money.
legitimate,Your KPLC Token is 1234 5678 9012 3456 7890. Amount: KES 1000. Units: 45.2
legitimate,"Hi mum, I arrived safely in Nairobi. I'll call you later in the evening."
phishing,Alert: Someone tried to access your bank account from a new device. Secure it now.
legitimate,Attached is the report you requested for Q3. Let me know if you need any changes.
phishing,Your KPLC prepaid meter will be disconnected urgent today. Pay outstanding balance here: http://kplc-payment.net
legitimate,Reminder: The tech meetup at iHub starts at 9:00 AM on Saturday.
legitimate,Please find the meeting minutes attached for your review.
phishing,Alert: Someone tried to access your bank account from a new device. Secure it now.
legitimate,"Hi mum, I arrived safely in Nairobi. I'll call you later in the evening."
legitimate,Your KPLC Token is 1234 5678 9012 3456 7890. Amount: KES 1000. Units: 45.2
phishing,You have a pending tax refund. Click here to fill out the form and claim your money.
legitimate,Reminder: The tech meetup at iHub starts at 9:00 AM on Saturday.
phishing,"Dear Customer, your Equity Bank account will be blocked today due to lack of KYC update. Click here to update: http://equity-update.com"
phishing,You have a pending tax refund. Click here to fill out the urgent form and claim your money.
legitimate,KRA: Your tax returns for the year have been filed successfully.
phishing,Security Alert: We detected unusual login activity on your account. Reset your password immediately.
phishing,"Dear customer, your package could not be delivered. Pay the shipping fee here."
legitimate,"Equity Bank: Your salary of KES 45,000 has been deposited to account ending in 4521."
legitimate,Your flight to Chicago is confirmed. Here is your itinerary.
phishing,"Warning! M-Shwari loan limit decreased. Click here to increase your limit back to KES 30,000."
phishing,Security Alert: We detected unusual login activity on your account. Reset your password immediately.
legitimate,KRA: Your tax returns for the year have been filed successfully.
legitimate,Your Amazon order #7422 has shipped and will arrive by tomorrow.
phishing,Final Notice: Your invoice #6862 is overdue. Download the attached PDF to view details.
legitimate,I'll be out of the office next week on vacation. Please contact Sarah for urgent issues.
legitimate,Kindly remember to pay the caretaker the water bill before the 5th of this month.
phishing,Your PayPal account is restricted. Please update your billing information within 24 hours.
phishing,Your Apple ID has been locked for security reasons. Verify your account at the link below.
phishing,"Dear customer, your package could not be delivered. Pay the shipping fee here."
phishing,"urgent Warning! M-Shwari loan limit decreased. Click here to increase your limit back to KES 30,000."
legitimate,"Hey, are we still on for lunch tomorrow? Let me know what time works for you."
phishing,URGENT: Your M-Pesa account has been suspended. Click here to verify your identity http://mpesa-verify.duckdns.org/verify?id=9338
legitimate,Don't forget to submit your timesheets by Friday afternoon.
phishing,"Safaricom: Congratulations! You have won KES 50,000 in the Shinda Mawe promotion. Call 0722000000 to claim."
phishing,URGENT: Your M-Pesa account has been suspended. Click urgent here to verify your identity http://mpesa-verify.duckdns.org/verify?id=9234
phishing,"KRA Alert: You have urgent a pending tax penalty of KES 5,000. Pay immediately via this link to avoid prosecution: http://kra-penalties.org"
phishing,Fuliza Limit Warning: Your Fuliza limit will be reduced to 0. Reply with your PIN to prevent this.
legitimate,"Hey, are we still on for lunch tomorrow? Let me know what time works for you."
phishing,Your Apple ID has been locked for security reasons. Verify your account at the link below.
legitimate,"Hi mum, I arrived safely in Nairobi. I'll call you later in the evening."
legitimate,Can you please review this code PR when you have a moment?
legitimate,KRA: Your tax returns for the year have been filed successfully.
legitimate,"Hi, I have sent the 2k via M-Pesa. Let me know if you receive it."
legitimate,KRA: Your tax returns for the year have been filed successfully.
legitimate,I'll be out of the office next week on vacation. Please contact Sarah for urgent issues.
legitimate,"Hi mum, I arrived safely in Nairobi. I'll call you later in the evening."
legitimate,"Hey, are we still on for lunch tomorrow? Let me know what time works for you."
legitimate,Please find the meeting minutes attached for your review.
legitimate,Can you please review this code PR when you have a moment?
phishing,"Safaricom: Congratulations! You have won KES 50,000 in the Shinda Mawe promotion. Call 0722000000 to claim."
legitimate,Safaricom: Your data bundle is below 10MB. Dial *544# to buy another bundle.
legitimate,Your KPLC Token is 1234 5678 9012 3456 7890. Amount: KES 1000. Units: 45.2
legitimate,Your flight to Chicago is confirmed. Here is your itinerary.
legitimate,Are you available for a quick sync later today?
legitimate,Don't forget to submit your timesheets by Friday afternoon.
phishing,"Dear customer, your package could not be delivered. Pay the shipping fee here."
legitimate,"Hi team, just a reminder about our meeting at 2 PM today. See you there."
legitimate,Your flight to Chicago is confirmed. Here is your itinerary.
phishing,Your KPLC prepaid meter will be disconnected today. Pay outstanding balance here: http://kplc-payment.net
legitimate,"Hi team, just a reminder about our meeting at 2 PM today. See you there."
legitimate,Just checking in to see how the project is going. Let me know if you need help.
phishing,Alert: Someone tried to access your bank account from a new device. Secure it now.
phishing,"Safaricom: Congratulations! You have won KES 50,000 in the Shinda Mawe promotion. Call 0722000000 to claim."
legitimate,"Hi mum, I arrived safely in Nairobi. I'll call you later in the evening."
legitimate,Don't forget to submit your timesheets by Friday afternoon.
legitimate,"Equity Bank: Your salary of KES 45,000 has been deposited to account ending in 4521."
phishing,Helb Loan disbursement delayed! Kindly click http://helb-portal-login.com urgent to update your bank details immediately.
phishing,"Hustler Fund Alert: Your loan of KES 10,000 has been approved. Pay a registration fee of KES 200 to this till number to receive it."
phishing,Your PayPal account is restricted. Please update your billing information within 24 hours.
legitimate,Are you available for a quick sync later today?
legitimate,Your flight to Chicago is confirmed. Here is your itinerary.
legitimate,Happy Birthday! Hope you have a wonderful day celebrating.
legitimate,Your flight to Chicago is confirmed. Here is your itinerary.
legitimate,Please find the meeting minutes attached for your review.
phishing,Alert: Someone tried to access your bank account from a new device. Secure it now.
phishing,You have won a $1000 urgent Walmart gift card! Claim your prize now at this link.
phishing,urgent Helb Loan disbursement delayed! Kindly click http://helb-portal-login.com to update your bank details immediately.
legitimate,I'll be out of the office next week on vacation. Please contact Sarah for urgent issues.
phishing,Urgent: Your account has been suspended. Click here to verify your identity.
phishing,"Dear Customer, your Equity Bank account will be urgent blocked today due to lack of KYC update. Click here to update: http://equity-update.com"
legitimate,KRA: Your tax returns for the year have been filed successfully.
phishing,"Hustler Fund Alert: Your loan of KES 10,000 has been approved. Pay a registration fee of KES 200 to this till number to receive it."
phishing,"Dear Customer, your Equity Bank account will be blocked today due to lack of KYC update. Click here to update: http://equity-update.com"
phishing,"KRA Alert: You have a pending tax penalty of KES 5,000. urgent Pay immediately via this link to avoid prosecution: http://kra-penalties.org"
legitimate,Don't forget to submit your timesheets by Friday afternoon.
phishing,"Safaricom: Congratulations! You have won KES 50,000 in the Shinda Mawe promotion. Call 0722000000 to claim."
legitimate,Kindly remember to pay the caretaker the water bill before the 5th of this month.
legitimate,Are you available for a quick sync later today?
legitimate,Are you available for a quick sync later today?
phishing,Your PayPal account is restricted. Please update your billing information within 24 hours.
phishing,"Hustler Fund Alert: Your loan of KES 10,000 has been approved. Pay a registration fee of KES 200 to this till number to receive it."
phishing,Fuliza Limit Warning: Your Fuliza limit urgent will be reduced to 0. Reply with your PIN to prevent this.
phishing,URGENT: Your M-Pesa account has been suspended. Click here to urgent verify your identity http://mpesa-verify.duckdns.org/verify?id=9681
phishing,Your Apple ID has been locked for security reasons. Verify your account at the link below.
phishing,Please review the urgent attached secure document from HR regarding your salary update.
phishing,Congratulations! You are our lucky winner today. Click here to claim your reward.
legitimate,Hello! Let's meet at Java House Kimathi Street at 4 PM for the interview.
phishing,"Safaricom: Congratulations! You have won KES 50,000 in the Shinda Mawe promotion. Call 0722000000 to claim."
phishing,Your Apple ID has been locked for security reasons. Verify your account at the link below.
phishing,Urgent: Your account has been suspended. Click here to verify your identity.
phishing,Alert: Someone tried urgent to access your bank account from a new device. Secure it now.
phishing,Your KPLC urgent prepaid meter will be disconnected today. Pay outstanding balance here: http://kplc-payment.net
phishing,Urgent: Your account has been suspended. Click here to verify your identity.
phishing,Your KPLC prepaid meter will be disconnected today. Pay outstanding balance here: http://kplc-payment.net
phishing,"Warning! M-Shwari loan limit decreased. Click here to increase your limit back to KES 30,000."
phishing,"Safaricom: Congratulations! You have won KES 50,000 in the Shinda Mawe promotion. Call 0722000000 to claim."
phishing,Fuliza Limit Warning: Your Fuliza limit will be reduced to 0. Reply with your PIN to prevent this.
phishing,You have a pending tax refund. Click here to fill out the form and claim your money.
phishing,Fuliza Limit Warning: Your Fuliza limit will be reduced to 0. Reply with your PIN to prevent urgent this.
legitimate,Are you available for a quick sync later today?
phishing,"Dear Parent, this is your child's teacher. Please send 2000 bob for an urgent school trip to this number: 0712345678"
phishing,Urgent: Your account has been suspended. Click here to verify your identity.
phishing,Final Notice: Your invoice #2841 is overdue. Download the attached PDF to view details.
legitimate,Reminder: The tech meetup at iHub starts at 9:00 AM on Saturday.
legitimate,Your Amazon order #9325 has shipped and will arrive by tomorrow.
legitimate,"Hi, I have sent the 2k via M-Pesa. Let me know if you receive it."
phishing,Congratulations! You are our lucky winner today. Click here to claim your reward.
phishing,Exclusive offer! Buy cheap medications online without prescription.
phishing,"Warning! M-Shwari loan limit decreased. Click here to increase your limit back to KES 30,000."
phishing,Your Netflix subscription has expired. Update your payment details to continue watching.
phishing,You have won a $1000 Walmart gift card! Claim your prize now at this link.
legitimate,"Hi mum, I arrived safely in Nairobi. I'll call you later in the evening."
legitimate,KRA: Your tax returns for the year have been filed successfully.
phishing,Warning: urgent Your mailbox is almost full. Upgrade your storage by clicking the link.
legitimate,Reminder: The tech meetup at iHub starts at 9:00 AM on Saturday.
legitimate,"Hi, I have sent the 2k via M-Pesa. Let me know if you receive it."
legitimate,KRA: Your tax returns for the year have been filed successfully.
phishing,You have a pending tax refund. Click here to fill out the form and claim your money.
legitimate,"Safaricom: You have received KES 5,000 from John Doe. New M-PESA balance is KES 15,200."
phishing,Congratulations! You are our lucky winner today. urgent Click here to claim your reward.
phishing,Helb Loan disbursement delayed! Kindly click http://helb-portal-login.com to update your bank details immediately.
phishing,"Safaricom: Congratulations! You have won KES 50,000 in the Shinda Mawe promotion. Call 0722000000 to claim."
legitimate,Hello! Let's meet at Java House Kimathi Street at 4 PM for the interview.
phishing,"KRA urgent Alert: You have a pending tax penalty of KES 5,000. Pay immediately via this link to avoid prosecution: http://kra-penalties.org"
legitimate,"Equity Bank: Your salary of KES 45,000 has been deposited to account ending in 4521."
legitimate,Please find the meeting minutes attached for your review.
legitimate,Thank you for your recent purchase. Your receipt is attached.
legitimate,"Hi team, just a reminder about our meeting at 2 PM today. See you there."
legitimate,KRA: Your tax returns for the year have been filed successfully.
phishing,Helb Loan disbursement delayed! Kindly click http://helb-portal-login.com to update your bank details immediately.
phishing,urgent Urgent: Your account has been suspended. Click here to verify your identity.
legitimate,"Hi, I have sent the 2k via M-Pesa. Let me know if you receive it."
phishing,"Warning! M-Shwari loan limit decreased. Click here to increase your limit back to KES 30,000."
legitimate,Reminder: The tech meetup at iHub starts at 9:00 AM on Saturday.
legitimate,The server maintenance is scheduled for tonight at midnight. Expect brief downtime.
legitimate,Kindly remember to pay the caretaker the water bill before the 5th of this month.
phishing,Fuliza Limit Warning: Your Fuliza limit will be reduced to 0. Reply with your PIN to prevent urgent this.
legitimate,Can you please review this code PR when you have a moment?
legitimate,Reminder: The tech meetup at iHub starts at 9:00 AM on Saturday.
phishing,Congratulations! You are our lucky winner today. Click here to claim your reward.
phishing,Final Notice: Your invoice #5974 is overdue. Download the attached PDF to view details.
legitimate,Happy Birthday! Hope you have a wonderful day celebrating.
legitimate,KRA: Your tax returns for the year have been filed successfully.
phishing,"KRA Alert: You have a pending tax penalty of KES 5,000. Pay immediately via this link to avoid prosecution: http://kra-penalties.org"
legitimate,Please find the meeting minutes attached for your review.
phishing,You have a pending tax refund. Click here to urgent fill out the form and claim your money.
legitimate,Thank you for your recent purchase. Your receipt is attached.
legitimate,Happy Birthday! Hope you have a wonderful day celebrating.
phishing,Your Netflix subscription has expired. Update your payment details to continue watching.
phishing,"Dear customer, your package could not be delivered. Pay the shipping fee here."
legitimate,I'll be out of the office next week on vacation. Please contact Sarah for urgent issues.
legitimate,Happy Birthday! Hope you have a wonderful day celebrating.
phishing,Warning: Your mailbox is almost full. Upgrade your storage by clicking the link.
legitimate,"Hi, I have sent the 2k via M-Pesa. Let me know if you receive it."
legitimate,Just checking in to see how the project is going. Let me know if you need help.
phishing,Your Netflix subscription has expired. Update your payment details to continue watching.
phishing,Exclusive offer! Buy cheap medications online without prescription.
phishing,Exclusive offer! Buy cheap medications online without prescription.
legitimate,Don't forget to submit your timesheets by Friday afternoon.
phishing,Your KPLC prepaid meter will be disconnected today. Pay outstanding balance here: http://kplc-payment.net
phishing,"KRA Alert: You have a pending tax penalty of KES 5,000. Pay immediately via this link to avoid prosecution: http://kra-penalties.org"
phishing,Alert: Someone tried to access your bank account from a new device. Secure it now.
legitimate,Your KPLC Token is 1234 5678 9012 3456 7890. Amount: KES 1000. Units: 45.2
phishing,Alert: urgent Someone tried to access your bank account from a new device. Secure it now.
legitimate,Thanks for reaching out! I'll get back to you as soon as possible.
legitimate,KRA: Your tax returns for the year have been filed successfully.
phishing,Urgent: Your account has been suspended. Click here to verify your identity.
phishing,Exclusive offer! Buy cheap medications online without prescription.
phishing,Congratulations! You are our lucky winner today. Click here to claim your reward.
phishing,"Dear Parent, this urgent is your child's teacher. Please send 2000 bob for an urgent school trip to this number: 0712345678"
phishing,Congratulations! You are our lucky winner today. Click here to claim your reward.
legitimate,Just checking in to see how the project is going. Let me know if you need help.
phishing,Your PayPal account is restricted. Please update your billing information within 24 hours.
phishing,Warning: Your mailbox is almost full. Upgrade your storage by clicking the link.
legitimate,Happy Birthday! Hope you have a wonderful day celebrating.
phishing,Action Required: Verify your email address to avoid service interruption.
legitimate,Don't forget to submit your timesheets by Friday afternoon.
legitimate,Hello! Let's meet at Java House Kimathi Street at 4 PM for the interview.
phishing,"KRA Alert: You have a pending tax penalty of KES 5,000. Pay immediately via this link to avoid prosecution: http://kra-penalties.org"
phishing,"Dear Customer, your Equity Bank account will be blocked today due to lack of KYC update. Click here to update: http://equity-update.com"
legitimate,Your Amazon order #3058 has shipped and will arrive by tomorrow.
legitimate,Are you available for a quick sync later today?
legitimate,Don't forget to submit your timesheets by Friday afternoon.
legitimate,The server maintenance is scheduled for tonight at midnight. Expect brief downtime.
legitimate,Reminder: The tech meetup at iHub starts at 9:00 AM on Saturday.
phishing,Your Netflix subscription has expired. Update your payment details to continue watching.
legitimate,Your flight to Chicago is confirmed. Here is your itinerary.
phishing,Your KPLC prepaid meter will be disconnected today. Pay outstanding balance here: http://kplc-payment.net
phishing,"Hustler Fund Alert: Your loan of KES 10,000 has been approved. Pay a registration fee of KES 200 to this till number to receive it."
legitimate,Please find the meeting minutes attached for your review.
legitimate,Attached is the report you requested for Q3. Let me know if you need any changes.
phishing,Fuliza Limit Warning: Your Fuliza limit will be reduced to urgent 0. Reply with your PIN to prevent this.
phishing,Final Notice: Your invoice #7967 is overdue. Download the attached PDF to view details.
phishing,Final Notice: Your invoice #6884 is overdue. Download the attached PDF urgent to view details.
legitimate,Attached is the report you requested for Q3. Let me know if you need any changes.
legitimate,KRA: Your tax returns for the year have been filed successfully.
legitimate,Are you available for a quick sync later today?
legitimate,Reminder: The tech meetup at iHub starts at 9:00 AM on Saturday.
legitimate,Just checking in to see how the project is going. Let me know if you need help.
phishing,"Dear customer, your package could not be delivered. Pay the shipping fee here."
phishing,"Safaricom: Congratulations! You have won KES 50,000 in the Shinda Mawe promotion. Call 0722000000 to claim. urgent"
legitimate,"Safaricom: You have received KES 5,000 from John Doe. New M-PESA balance is KES 15,200."
phishing,Warning: Your mailbox is almost full. Upgrade your storage by clicking the link.
legitimate,Happy Birthday! Hope you have a wonderful day celebrating.
phishing,"Safaricom: Congratulations! You have won KES urgent 50,000 in the Shinda Mawe promotion. Call 0722000000 to claim."
phishing,Congratulations! You are our lucky winner today. Click here to claim your reward.
phishing,"Dear Customer, your Equity Bank account will be blocked today due to lack of KYC update. Click here to update: http://equity-update.com"
legitimate,I'll be out of the office next week on vacation. Please contact Sarah for urgent issues.
phishing,"Hustler Fund Alert: Your loan of KES 10,000 has been approved. Pay a registration fee of KES 200 to this till number to receive it."
phishing,Final Notice: Your invoice #9111 is overdue. Download the attached PDF to view details.
legitimate,"Hey, are we still on for lunch tomorrow? Let me know what time works for you."
phishing,Please review the attached secure document from HR regarding your salary update.
legitimate,"Hi mum, I arrived safely in Nairobi. I'll call you later in the evening."
legitimate,Reminder: The tech meetup at iHub starts at 9:00 AM on Saturday.
phishing,Final Notice: Your invoice #6290 is overdue. Download the attached PDF to view details.
legitimate,Don't forget to submit your timesheets by Friday afternoon.
legitimate,Your KPLC Token is 1234 5678 9012 3456 7890. Amount: KES 1000. Units: 45.2
legitimate,Please find the meeting minutes attached for your review.
phishing,"Hustler Fund Alert: Your loan of KES 10,000 has been approved. Pay a registration fee of KES 200 to this till number to receive it."
legitimate,"Hi team, just a reminder about our meeting at 2 PM today. See you there."
phishing,Fuliza Limit Warning: Your Fuliza limit will be reduced to 0. Reply with your PIN to prevent this.
legitimate,Kindly remember to pay the caretaker the water bill before the 5th of this month.
phishing,"Dear Customer, your Equity Bank account will be blocked today due to lack of KYC update. Click here to update: http://equity-update.com"
legitimate,Happy Birthday! Hope you have a wonderful day celebrating.
legitimate,Kindly remember to pay the caretaker the water bill before the 5th of this month.
legitimate,"Hey, are we still on for lunch tomorrow? Let me know what time works for you."
legitimate,Your KPLC Token is 1234 5678 9012 3456 7890. Amount: KES 1000. Units: 45.2
legitimate,Please find the meeting minutes attached for your review.
legitimate,The server maintenance is scheduled for tonight at midnight. Expect brief downtime.
legitimate,Thanks for reaching out! I'll get back to you as soon as possible.
phishing,Action Required: Verify your email address to avoid service interruption.
legitimate,Thank you for your recent purchase. Your receipt is attached.
phishing,Your Netflix subscription urgent has expired. Update your payment details to continue watching.
phishing,"Warning! M-Shwari loan limit decreased. Click here to increase your limit back to KES 30,000."
legitimate,I'll be out of the office next week on vacation. Please contact Sarah for urgent issues.
legitimate,Happy Birthday! Hope you have a wonderful day celebrating.
legitimate,Safaricom: Your data bundle is below 10MB. Dial *544# to buy another bundle.
legitimate,Thanks for reaching out! I'll get back to you as soon as possible.
legitimate,Your KPLC Token is 1234 5678 9012 3456 7890. Amount: KES 1000. Units: 45.2
phishing,Your Netflix subscription has expired. Update your payment details to continue watching.
phishing,Action Required: Verify your email address to avoid service interruption.
legitimate,Can you please review this code PR when you have a moment?
legitimate,"Safaricom: You have received KES 5,000 from John Doe. New M-PESA balance is KES 15,200."
phishing,Congratulations! You are our lucky winner today. Click here to claim your reward.
legitimate,Can you please review this code PR when you have a moment?
phishing,Helb Loan disbursement delayed! Kindly click http://helb-portal-login.com to update your bank urgent details immediately.
legitimate,"Hi, I have sent the 2k via M-Pesa. Let me know if you receive it."
legitimate,Reminder: The tech meetup at iHub starts at 9:00 AM on Saturday.
legitimate,Attached is the report you requested for Q3. Let me know if you need any changes.
phishing,"Dear Customer, your Equity Bank account will urgent be blocked today due to lack of KYC update. Click here to update: http://equity-update.com"
legitimate,Don't forget to submit your timesheets by Friday afternoon.
legitimate,Safaricom: Your data bundle is below 10MB. Dial *544# to buy another bundle.
phishing,Warning: Your mailbox is almost full. Upgrade your storage by clicking the link.
phishing,URGENT: Your M-Pesa account has been suspended. Click here to verify your identity http://mpesa-verify.duckdns.org/verify?id=6069
phishing,Your Apple ID has been locked for security reasons. Verify your account at the link below.
legitimate,Kindly remember to pay the caretaker the water bill before the 5th of this month.
legitimate,Please find the meeting minutes attached for your review.
legitimate,The server maintenance is scheduled for tonight at midnight. Expect brief downtime.
phishing,Exclusive offer! Buy cheap medications online without prescription.
phishing,"Hustler Fund Alert: Your loan of KES 10,000 has been approved. Pay a registration fee of KES 200 to this till number to receive it."
phishing,Final Notice: Your invoice #5625 is overdue. Download the attached PDF to view details.
legitimate,Hello! Let's meet at Java House Kimathi Street at 4 PM for the interview.
phishing,Your PayPal account is restricted. Please update your billing information within 24 hours.
phishing,Security Alert: We detected unusual login activity on your account. Reset your password immediately.
legitimate,Happy Birthday! Hope you have a wonderful day celebrating.
phishing,Security Alert: We detected unusual login activity on your account. Reset your password immediately.
legitimate,I'll be out of the office next week on vacation. Please contact Sarah for urgent issues.
phishing,"Hustler Fund Alert: Your loan of KES 10,000 has been approved. Pay a registration fee of KES 200 to this till number to receive it."
phishing,You have a pending tax refund. Click here to fill out the urgent form and claim your money.
legitimate,"Safaricom: You have received KES 5,000 from John Doe. New M-PESA balance is KES 15,200."
legitimate,Are you available for a quick sync later today?
phishing,"Safaricom: Congratulations! You have won KES 50,000 in the Shinda Mawe promotion. Call 0722000000 to claim."
legitimate,Your KPLC Token is 1234 5678 9012 3456 7890. Amount: KES 1000. Units: 45.2
legitimate,Reminder: The tech meetup at iHub starts at 9:00 AM on Saturday.
legitimate,Are you available for a quick sync later today?
legitimate,"Safaricom: You have received KES 5,000 from John Doe. New M-PESA balance is KES 15,200."
phishing,Exclusive offer! Buy cheap medications online without prescription.
legitimate,Are you available for a quick sync later today?
phishing,"KRA Alert: You have a pending tax penalty of KES 5,000. Pay immediately via this link to avoid prosecution: http://kra-penalties.org"
legitimate,Don't forget to submit your timesheets by Friday afternoon.
phishing,Alert: Someone tried to access your bank account from a new device. Secure it now.
legitimate,"Hi, I have sent the 2k via M-Pesa. Let me know if you receive it."
legitimate,"Equity Bank: Your salary of KES 45,000 has been deposited to account ending in 4521."
phishing,"Dear Customer, your Equity Bank account will be blocked today due to lack of KYC update. Click here to update: http://equity-update.com"
legitimate,Can you please review this code PR when you have a moment?
legitimate,Thank you for your recent purchase. Your receipt is attached.
legitimate,Thanks for reaching out! I'll get back to you as soon as possible.
phishing,"Hustler Fund Alert: Your loan of KES 10,000 has been approved. Pay a registration fee of KES 200 to this till number to receive it."
legitimate,Your Amazon order #5170 has shipped and will arrive by tomorrow.
phishing,URGENT: Your M-Pesa account has been suspended. Click here to verify your identity http://mpesa-verify.duckdns.org/verify?id=6924
phishing,Exclusive offer! Buy cheap medications online without prescription.
phishing,"Dear Customer, your Equity Bank account will be blocked today due to lack of KYC update. Click here to update: http://equity-update.com"
phishing,Exclusive offer! Buy cheap medications online without prescription.
phishing,You have a pending tax refund. Click here to fill out the form and claim your money.
phishing,Helb Loan disbursement delayed! Kindly click http://helb-portal-login.com to update your bank details immediately.
phishing,You have won a $1000 Walmart gift card! Claim your prize now at this link. urgent
phishing,"Safaricom: Congratulations! You have won urgent KES 50,000 in the Shinda Mawe promotion. Call 0722000000 to claim."
phishing,"Dear customer, your package could not be delivered. Pay the shipping fee here."
legitimate,"Equity Bank: Your salary of KES 45,000 has been deposited to account ending in 4521."
phishing,Your Apple ID has been locked for security reasons. Verify your account at the link below.
phishing,Your Apple ID has been locked for security reasons. Verify your account at the link below.
phishing,Alert: Someone tried to access your bank account from a new device. Secure it now.
phishing,Your PayPal account is restricted. Please update urgent your billing information within 24 hours.
phishing,"Hustler Fund Alert: Your loan of KES 10,000 has been approved. Pay a registration fee of KES 200 to this till number to receive it."
phishing,Your KPLC prepaid meter will be disconnected today. Pay outstanding balance here: http://kplc-payment.net
phishing,Your PayPal account is restricted. Please update your billing information within 24 hours. urgent
phishing,"KRA Alert: You have a pending tax penalty of KES 5,000. Pay immediately via this link to avoid prosecution: http://kra-penalties.org"
legitimate,Hello! Let's meet at Java House Kimathi Street at 4 PM for the interview.
legitimate,Your flight to Chicago is confirmed. Here is your itinerary.
phishing,Warning: Your mailbox is almost full. Upgrade your storage by clicking the link.
legitimate,Hello! Let's meet at Java House Kimathi Street at 4 PM for the interview.
phishing,"KRA Alert: You have a pending tax penalty of KES 5,000. Pay immediately via this link to avoid prosecution: http://kra-penalties.org"
phishing,Security Alert: We detected unusual login activity on your account. Reset your password immediately.
phishing,"Dear Customer, your Equity Bank account will be blocked today due to lack of KYC update. Click here to update: http://equity-update.com"
legitimate,Reminder: The tech meetup at iHub starts at 9:00 AM on Saturday.
phishing,URGENT: Your M-Pesa account has been suspended. Click here to verify your identity http://mpesa-verify.duckdns.org/verify?id=2887
phishing,Urgent: Your account has been suspended. Click here to verify your identity.
phishing,Urgent: Your account has been suspended. Click here to verify your identity.
legitimate,Please find the meeting minutes attached for your review.
legitimate,Reminder: The tech meetup at iHub starts at 9:00 AM on Saturday.
legitimate,I'll be out of the office next week on vacation. Please contact Sarah for urgent issues.
legitimate,"Hey, are we still on for lunch tomorrow? Let me know what time works for you."
legitimate,"Hi, I have sent the 2k via M-Pesa. Let me know if you receive it."
phishing,"Dear Parent, this is your child's teacher. Please send 2000 bob for an urgent school trip to this number: 0712345678"
legitimate,Please find the meeting minutes attached for your review.
phishing,Your PayPal account is restricted. Please update your billing information within 24 hours.
phishing,Final Notice: Your invoice #5564 is overdue. Download the attached PDF to view details.
phishing,Your Netflix subscription has expired. Update your payment details to continue watching.
legitimate,Attached is the report you requested for Q3. Let me know if you need any changes.
legitimate,Reminder: The tech meetup at iHub starts at 9:00 AM on Saturday.
legitimate,Your flight to Chicago is confirmed. Here is your itinerary.
legitimate,Don't forget to submit your timesheets by Friday afternoon.
phishing,Helb Loan disbursement delayed! Kindly click http://helb-portal-login.com to update your bank details immediately.
legitimate,Can you please review this code PR when you have a moment?
phishing,Your Apple ID has been locked for security reasons. Verify your account at the link below.
legitimate,Thank you for your recent purchase. Your receipt is attached.
phishing,Urgent: Your account has been suspended. Click here to verify your identity.
legitimate,"Safaricom: You have received KES 5,000 from John Doe. New M-PESA balance is KES 15,200."
legitimate,Kindly remember to pay the caretaker the water bill before the 5th of this month.
phishing,Warning: Your mailbox is almost full. Upgrade your storage by clicking the link.
phishing,Your PayPal account is restricted. Please update your billing information within 24 hours.
phishing,"Safaricom: Congratulations! You have won KES 50,000 in urgent the Shinda Mawe promotion. Call 0722000000 to claim."
legitimate,Safaricom: Your data bundle is below 10MB. Dial *544# to buy another bundle.
phishing,Your Netflix subscription has expired. Update your payment details to continue watching. urgent
legitimate,"Hey, are we still on for lunch tomorrow? Let me know what time works for you."
legitimate,Just checking in to see how the project is going. Let me know if you need help.
phishing,"KRA Alert: You have a pending tax penalty of KES 5,000. Pay immediately via this link to avoid prosecution: http://kra-penalties.org"
legitimate,Your Amazon order #4604 has shipped and will arrive by tomorrow.
legitimate,Don't forget to submit your timesheets by Friday afternoon.
phishing,Please review the attached secure document from HR regarding your salary update.
phishing,Congratulations! You are our lucky winner today. Click here to claim your reward.
legitimate,Your flight to Chicago is confirmed. Here is your itinerary.
phishing,"KRA Alert: You have a pending tax penalty of KES 5,000. Pay immediately via this link to avoid prosecution: http://kra-penalties.org"
phishing,You have a pending tax refund. Click here to fill out the form and claim your money.
phishing,"Safaricom: Congratulations! You have won KES 50,000 in the Shinda Mawe urgent promotion. Call 0722000000 to claim."
phishing,urgent Please review the attached secure document from HR regarding your salary update.
phishing,"Hustler Fund Alert: Your loan of KES 10,000 has been approved. Pay a registration fee of KES 200 to this till number to receive it."
legitimate,Your Amazon order #6842 has shipped and will arrive by tomorrow.
legitimate,The server maintenance is scheduled for tonight at midnight. Expect brief downtime.
phishing,You have won a $1000 Walmart gift card! Claim your prize now at this link.
legitimate,"Hi, I have sent the 2k via M-Pesa. Let me know if you receive it."
phishing,Fuliza Limit Warning: Your Fuliza limit will be reduced to 0. Reply with your PIN to prevent this.
phishing,"KRA Alert: You have a pending tax penalty of KES 5,000. Pay immediately via this link to avoid prosecution: http://kra-penalties.org"
legitimate,Happy Birthday! Hope you have a wonderful day celebrating.
phishing,"Dear Parent, this is your child's teacher. Please send 2000 bob for an urgent school trip to this number: 0712345678"
phishing,"Dear Customer, your Equity urgent Bank account will be blocked today due to lack of KYC update. Click here to update: http://equity-update.com"
phishing,Warning: Your mailbox is almost full. Upgrade your storage by clicking the link.
phishing,"Hustler Fund Alert: Your loan of KES 10,000 has been approved. Pay a registration fee of KES 200 to this till number to receive it."
phishing,Congratulations! You are our lucky winner today. Click here to claim your reward.
legitimate,I'll be out of the office next week on vacation. Please contact Sarah for urgent issues.
phishing,Alert: Someone tried to access your bank account from a new device. urgent Secure it now.
phishing,Your Netflix subscription has expired. Update your payment details to continue watching.
phishing,Your Apple ID has been locked for security reasons. Verify your account at the link below.
phishing,Your Apple ID has been locked for security reasons. Verify your account at the link below.
phishing,"Dear Parent, this is your child's urgent teacher. Please send 2000 bob for an urgent school trip to this number: 0712345678"
phishing,Final Notice: Your invoice #2376 is overdue. Download urgent the attached PDF to view details.
legitimate,Are you available for a quick sync later today?
phishing,"Safaricom: Congratulations! You have won KES 50,000 in the Shinda Mawe promotion. Call 0722000000 to claim."
legitimate,"Equity Bank: Your salary of KES 45,000 has been deposited to account ending in 4521."
legitimate,Can you please review this code PR when you have a moment?
legitimate,"Hey, are we still on for lunch tomorrow? Let me know what time works for you."
phishing,"Warning! M-Shwari loan limit decreased. Click here to increase your limit back to KES urgent 30,000."
legitimate,Please find the meeting minutes attached for your review.
phishing,"Dear Parent, this is your child's teacher. Please send 2000 bob for an urgent school trip to this number: 0712345678"
legitimate,Can you please review this code PR when you have a moment?
legitimate,Your flight to Chicago is confirmed. Here is your itinerary.
phishing,"Hustler Fund Alert: Your loan of KES 10,000 has been approved. Pay a registration fee of KES 200 to this till number to receive it."
legitimate,KRA: Your tax returns for the year have been filed successfully.
phishing,Your PayPal account is restricted. Please update your billing information within 24 hours.
phishing,"Dear Parent, this is your child's teacher. Please send 2000 bob for an urgent school trip to this number: 0712345678"
phishing,Your urgent KPLC prepaid meter will be disconnected today. Pay outstanding balance here: http://kplc-payment.net
phishing,Your Netflix subscription has expired. Update your payment details to continue watching.
legitimate,Thanks for reaching out! I'll get back to you as soon as possible.
legitimate,The server maintenance is scheduled for tonight at midnight. Expect brief downtime.
phishing,"Hustler Fund Alert: Your urgent loan of KES 10,000 has been approved. Pay a registration fee of KES 200 to this till number to receive it."
legitimate,"Safaricom: You have received KES 5,000 from John Doe. New M-PESA balance is KES 15,200."
phishing,"Hustler Fund Alert: Your loan of KES 10,000 has been approved. Pay a registration fee of KES 200 to this till number to receive it."
phishing,Your KPLC prepaid meter will be disconnected today. Pay outstanding balance here: http://kplc-payment.net
legitimate,Your KPLC Token is 1234 5678 9012 3456 7890. Amount: KES 1000. Units: 45.2
legitimate,The server maintenance is scheduled for tonight at midnight. Expect brief downtime.
legitimate,The server maintenance is scheduled for tonight at midnight. Expect brief downtime.
legitimate,Safaricom: Your data bundle is below 10MB. Dial *544# to buy another bundle.
phishing,"Warning! M-Shwari loan limit decreased. Click here to increase your limit back to KES 30,000."
phishing,Warning: Your mailbox is almost full. Upgrade your storage by clicking the link.
phishing,"Dear customer, your package could not be delivered. Pay the shipping fee here."
phishing,Action Required: Verify your email address to avoid service interruption.
phishing,Your KPLC prepaid meter will be disconnected today. Pay outstanding balance here: http://kplc-payment.net
phishing,Final Notice: Your invoice #8806 is overdue. Download the attached PDF to view details.
legitimate,Reminder: The tech meetup at iHub starts at 9:00 AM on Saturday.
phishing,Final Notice: Your invoice #8471 is overdue. Download the attached PDF to view details.
legitimate,Please find the meeting minutes attached for your review.
phishing,Please review the attached secure document from HR regarding urgent your salary update.
legitimate,"Equity Bank: Your salary of KES 45,000 has been deposited to account ending in 4521."
legitimate,KRA: Your tax returns for the year have been filed successfully.
legitimate,Your flight to Chicago is confirmed. Here is your itinerary.
legitimate,Your KPLC Token is 1234 5678 9012 3456 7890. Amount: KES 1000. Units: 45.2
legitimate,Happy Birthday! Hope you have a wonderful day celebrating.
legitimate,Please find the meeting minutes attached for your review.
phishing,Your PayPal account is restricted. Please update your billing information within 24 hours.
legitimate,Attached is the report you requested for Q3. Let me know if you need any changes.
phishing,"Safaricom: Congratulations! You have won KES 50,000 in the Shinda Mawe promotion. Call 0722000000 to claim."
legitimate,"Hi, I have sent the 2k via M-Pesa. Let me know if you receive it."
legitimate,I'll be out of the office next week on vacation. Please contact Sarah for urgent issues.
phishing,"Dear Parent, this is your child's teacher. Please send 2000 bob for an urgent school trip to this number: 0712345678"
phishing,"Dear Customer, your Equity Bank account will be blocked today due to lack of KYC update. Click here to update: http://equity-update.com"
phishing,Your KPLC prepaid meter will be disconnected today. Pay outstanding balance here: http://kplc-payment.net
phishing,You have won a $1000 Walmart gift card! Claim your prize now at this link.
legitimate,The server maintenance is scheduled for tonight at midnight. Expect brief downtime.
phishing,"KRA Alert: You have a pending tax penalty of KES 5,000. Pay immediately via this link to avoid prosecution: http://kra-penalties.org"
phishing,Your PayPal account is restricted. Please update your billing information within 24 hours.
legitimate,I'll be out of the office next week on vacation. Please contact Sarah for urgent issues.
phishing,You have won a $1000 Walmart gift card! Claim urgent your prize now at this link.
legitimate,"Hi, I have sent the 2k via M-Pesa. Let me know if you receive it."
phishing,"KRA Alert: You have a pending urgent tax penalty of KES 5,000. Pay immediately via this link to avoid prosecution: http://kra-penalties.org"
phishing,URGENT: Your M-Pesa account has been suspended. Click here to verify your identity http://mpesa-verify.duckdns.org/verify?id=2631
phishing,Final Notice: Your invoice urgent #6916 is overdue. Download the attached PDF to view details.
legitimate,Your flight to Chicago is confirmed. Here is your itinerary.
phishing,Your Apple ID has been locked for security reasons. Verify your urgent account at the link below.
phishing,Warning: Your mailbox is almost full. Upgrade your storage by clicking the link.
legitimate,"Safaricom: You have received KES 5,000 from John Doe. New M-PESA balance is KES 15,200."
legitimate,Don't forget to submit your timesheets by Friday afternoon.
phishing,Please review the attached secure document from HR regarding your salary update.
phishing,You have won a $1000 Walmart gift card! Claim your prize now at this link.
phishing,Alert: Someone tried to access your bank account from a new device. Secure it now.
legitimate,"Hi mum, I arrived safely in Nairobi. I'll call you later in the evening."
phishing,Your KPLC prepaid meter will be disconnected today. Pay outstanding balance here: http://kplc-payment.net
legitimate,Can you please review this code PR when you have a moment?
phishing,Alert: Someone tried to access your urgent bank account from a new device. Secure it now.
phishing,You have a pending tax refund. Click here to fill out the form and claim your money.
legitimate,Safaricom: Your data bundle is below 10MB. Dial *544# to buy another bundle.
legitimate,"Hi mum, I arrived safely in Nairobi. I'll call you later in the evening."
legitimate,Are you available for a quick sync later today?
phishing,You have won a $1000 Walmart gift card! Claim your prize now at this link.
phishing,URGENT: Your M-Pesa account has been suspended. Click urgent here to verify your identity http://mpesa-verify.duckdns.org/verify?id=2390
legitimate,"Equity Bank: Your salary of KES 45,000 has been deposited to account ending in 4521."
phishing,"Dear Customer, your Equity Bank account will be blocked today due to lack of KYC update. Click here to update: http://equity-update.com"
phishing,Alert: Someone tried to access your bank account from a new device. Secure it now.
legitimate,KRA: Your tax returns for the year have been filed successfully.
phishing,"Hustler Fund Alert: Your loan of KES 10,000 has been approved. Pay a registration fee of KES 200 to this till number to receive it."
phishing,Action Required: Verify your email address to avoid service interruption.
legitimate,Just checking in to see how the project is going. Let me know if you need help.
phishing,Your PayPal account is restricted. Please update your billing information within 24 hours.
phishing,"Dear Customer, your Equity Bank account will be blocked today due to lack of KYC update. Click here to update: http://equity-update.com"
legitimate,Your flight to Chicago is confirmed. Here is your itinerary.
phishing,Your PayPal account is restricted. Please update your billing information within 24 hours.
phishing,Your PayPal account is restricted. Please update your billing information within 24 hours.
legitimate,Happy Birthday! Hope you have a wonderful day celebrating.
legitimate,"Safaricom: You have received KES 5,000 from John Doe. New M-PESA balance is KES 15,200."
legitimate,Your KPLC Token is 1234 5678 9012 3456 7890. Amount: KES 1000. Units: 45.2
legitimate,Your Amazon order #2747 has shipped and will arrive by tomorrow.
phishing,URGENT: Your M-Pesa account has been suspended. Click here to verify your identity http://mpesa-verify.duckdns.org/verify?id=9333
legitimate,"Hi mum, I arrived safely in Nairobi. I'll call you later in the evening."
phishing,Action Required: Verify your email address to avoid service interruption.
legitimate,Your Amazon order #2859 has shipped and will arrive by tomorrow.
phishing,Action Required: Verify your email address to avoid service interruption.
phishing,Fuliza Limit Warning: Your Fuliza limit will be reduced to 0. Reply with your PIN to prevent this.
phishing,URGENT: Your M-Pesa account has been suspended. Click here to verify your identity http://mpesa-verify.duckdns.org/verify?id=7123
phishing,Congratulations! You are our lucky winner today. Click here to claim your reward.
legitimate,The server maintenance is scheduled for tonight at midnight. Expect brief downtime.
phishing,Please review the urgent attached secure document from HR regarding your salary update.
phishing,Security Alert: We detected unusual login activity urgent on your account. Reset your password immediately.
phishing,Alert: Someone tried to access your bank account from a new device. Secure it now.
phishing,Alert: Someone tried to access your bank account from a new device. Secure it now.
phishing,Your PayPal account is restricted. Please update your billing information within 24 hours.
legitimate,Your flight to Chicago is confirmed. Here is your itinerary.
legitimate,Please find the meeting minutes attached for your review.
phishing,"Safaricom: Congratulations! You have won KES 50,000 in the Shinda Mawe promotion. Call 0722000000 to claim."
legitimate,"Hey, are we still on for lunch tomorrow? Let me know what time works for you."
phishing,Exclusive offer! Buy cheap medications online without prescription.
phishing,Exclusive offer! Buy cheap medications online without prescription.
legitimate,Are you available for a quick sync later today?
legitimate,Don't forget to submit your timesheets by Friday afternoon.
phishing,Your Netflix subscription has expired. Update your payment details to continue watching.
phishing,URGENT: Your M-Pesa account has been suspended. Click here to verify your identity http://mpesa-verify.duckdns.org/verify?id=8447
phishing,Alert: Someone tried to access your bank account from a new device. Secure it now.
phishing,"Warning! M-Shwari loan limit decreased. Click here to increase your limit back to KES 30,000."
phishing,"Dear Customer, your Equity Bank account will be blocked today due to lack of KYC update. Click here to update: http://equity-update.com"
legitimate,Thanks for reaching out! I'll get back to you as soon as possible.
phishing,Final Notice: Your invoice #8387 urgent is overdue. Download the attached PDF to view details.
legitimate,Thanks for reaching out! I'll get back to you as soon as possible.
phishing,Your KPLC prepaid meter will be disconnected today. Pay outstanding balance here: http://kplc-payment.net
phishing,Your KPLC prepaid meter will be disconnected today. Pay outstanding balance here: http://kplc-payment.net
phishing,Exclusive offer! Buy cheap medications online without prescription.
legitimate,Hello! Let's meet at Java House Kimathi Street at 4 PM for the interview.
legitimate,Don't forget to submit your timesheets by Friday afternoon.
phishing,"Hustler Fund Alert: Your loan of KES 10,000 has been approved. Pay a registration fee of KES 200 to this till number to receive it."
phishing,Security Alert: We detected unusual login activity on your account. Reset your password immediately.
phishing,Your PayPal account is restricted. Please update your billing information within urgent 24 hours.
phishing,Helb Loan disbursement delayed! Kindly click http://helb-portal-login.com to update your bank details immediately.
phishing,Alert: Someone tried to access your bank account from a new device. Secure it now.
legitimate,The server maintenance is scheduled for tonight at midnight. Expect brief downtime.
legitimate,"Hey, are we still on for lunch tomorrow? Let me know what time works for you."
phishing,Final Notice: Your invoice #2388 is overdue. Download the attached PDF to view details.
legitimate,Reminder: The tech meetup at iHub starts at 9:00 AM on Saturday.
legitimate,Your KPLC Token is 1234 5678 9012 3456 7890. Amount: KES 1000. Units: 45.2
phishing,"Safaricom: Congratulations! You have won KES 50,000 in the Shinda Mawe promotion. Call 0722000000 to claim."
legitimate,Hello! Let's meet at Java House Kimathi Street at 4 PM for the interview.
legitimate,Thanks for reaching out! I'll get back to you as soon as possible.
phishing,Helb Loan disbursement delayed! Kindly click http://helb-portal-login.com to update your bank details immediately.
phishing,You have won a $1000 Walmart gift card! Claim your prize now at this link.
phishing,"Dear customer, your package could not be delivered. Pay the shipping fee here."
phishing,Fuliza Limit Warning: Your Fuliza limit will be reduced to 0. Reply with your PIN to prevent this.
legitimate,Thanks for reaching out! I'll get back to you as soon as possible.
phishing,Your Netflix subscription has expired. Update your payment details to continue watching.
phishing,Your Netflix subscription has expired. Update your payment details to continue watching.
legitimate,I'll be out of the office next week on vacation. Please contact Sarah for urgent issues.
legitimate,Thanks for reaching out! I'll get back to you as soon as possible.
phishing,Helb Loan disbursement delayed! Kindly click http://helb-portal-login.com to update your bank details immediately.
legitimate,Just checking in to see how the project is going. Let me know if you need help.
legitimate,Your KPLC Token is 1234 5678 9012 3456 7890. Amount: KES 1000. Units: 45.2
legitimate,Reminder: The tech meetup at iHub starts at 9:00 AM on Saturday.
legitimate,"Hey, are we still on for lunch tomorrow? Let me know what time works for you."
phishing,Your Apple ID has been locked for security reasons. Verify your account at the link below.
legitimate,Your KPLC Token is 1234 5678 9012 3456 7890. Amount: KES 1000. Units: 45.2
phishing,Urgent: Your account has been suspended. Click here to verify your identity.
legitimate,"Hi mum, I arrived safely in Nairobi. I'll call you later in the evening."
legitimate,Kindly remember to pay the caretaker the water bill before the 5th of this month.
legitimate,Reminder: The tech meetup at iHub starts at 9:00 AM on Saturday.
phishing,"KRA urgent Alert: You have a pending tax penalty of KES 5,000. Pay immediately via this link to avoid prosecution: http://kra-penalties.org"
phishing,Your Netflix subscription has expired. Update your payment details to continue watching.
legitimate,"Hi team, just a reminder about our meeting at 2 PM today. See you there."
phishing,Warning: Your mailbox is almost full. Upgrade your storage by clicking the link.
phishing,Action Required: Verify your email address to avoid service interruption.
legitimate,Happy Birthday! Hope you have a wonderful day celebrating.
phishing,Exclusive offer! Buy cheap medications online without prescription.
phishing,Warning: Your mailbox is almost full. Upgrade your storage by clicking the link.
legitimate,Thank you for your recent purchase. Your receipt is attached.
legitimate,Just checking in to see how the project is going. Let me know if you need help.
legitimate,Safaricom: Your data bundle is below 10MB. Dial *544# to buy another bundle.
legitimate,"Safaricom: You have received KES 5,000 from John Doe. New M-PESA balance is KES 15,200."
phishing,Warning: Your mailbox is almost full. Upgrade your storage by clicking the link.
legitimate,"Hey, are we still on for lunch tomorrow? Let me know what time works for you."
phishing,Your KPLC prepaid meter will be disconnected today. Pay outstanding balance here: http://kplc-payment.net
legitimate,"Hey, are we still on for lunch tomorrow? Let me know what time works for you."
legitimate,Are you available for a quick sync later today?
phishing,"Hustler Fund Alert: Your loan of KES 10,000 has been approved. Pay a registration fee of KES 200 to this till number to receive it."
legitimate,Your flight to Chicago is confirmed. Here is your itinerary.
legitimate,Your KPLC Token is 1234 5678 9012 3456 7890. Amount: KES 1000. Units: 45.2
legitimate,"Safaricom: You have received KES 5,000 from John Doe. New M-PESA balance is KES 15,200."
phishing,Warning: Your mailbox is almost full. Upgrade your urgent storage by clicking the link.
legitimate,"Hi, I have sent the 2k via M-Pesa. Let me know if you receive it."
phishing,"Dear customer, your package could not be delivered. Pay the shipping fee here."
legitimate,Are you available for a quick sync later today?
phishing,Your KPLC prepaid meter will be disconnected today. urgent Pay outstanding balance here: http://kplc-payment.net
phishing,Exclusive offer! Buy cheap medications online without prescription.
phishing,"KRA Alert: You have a pending tax penalty of KES 5,000. Pay immediately via this link to avoid prosecution: http://kra-penalties.org"
phishing,You have won a $1000 Walmart gift card! Claim your prize now at this link.
legitimate,"Hi mum, I arrived safely in Nairobi. I'll call you later in the evening."
phishing,Action Required: Verify your email address to avoid service interruption.
legitimate,I'll be out of the office next week on vacation. Please contact Sarah for urgent issues.
legitimate,Hello! Let's meet at Java House Kimathi Street at 4 PM for the interview.
legitimate,KRA: Your tax returns for the year have been filed successfully.
legitimate,Hello! Let's meet at Java House Kimathi Street at 4 PM for the interview.
phishing,"Warning! M-Shwari loan limit decreased. Click here to increase your limit back to KES 30,000."
phishing,Warning: Your mailbox is almost full. Upgrade your storage by clicking the link.
phishing,"Dear customer, your package could not be delivered. Pay the shipping fee here."
phishing,You have a pending tax refund. Click here to fill out the form and claim your money.
phishing,Alert: Someone tried to access your bank account from a new device. Secure it now.
phishing,Congratulations! You are our lucky winner today. Click here to claim your reward.
phishing,"Dear Customer, your urgent Equity Bank account will be blocked today due to lack of KYC update. Click here to update: http://equity-update.com"
phishing,"Dear Parent, this is your child's teacher. Please send 2000 bob for an urgent school trip to this number: 0712345678"
phishing,Please review the attached secure document from HR regarding your salary update.
phishing,Fuliza Limit Warning: Your Fuliza limit will be reduced to 0. Reply with your PIN to prevent this.
phishing,"Warning! M-Shwari loan limit decreased. urgent Click here to increase your limit back to KES 30,000."
phishing,Congratulations! You are our lucky winner today. Click here to claim your reward.
legitimate,"Hi, I have sent the 2k via M-Pesa. Let me know if you receive it."
phishing,Warning: Your mailbox is urgent almost full. Upgrade your storage by clicking the link.
legitimate,KRA: Your tax returns for the year have been filed successfully.
phishing,"Dear customer, your package could not be delivered. Pay the shipping fee here."
phishing,Your Apple ID has been locked for security reasons. Verify your account at the link below.
phishing,"Dear customer, your package could not be delivered. Pay the shipping fee here."
legitimate,Thanks for reaching out! I'll get back to you as soon as possible.
phishing,Your Netflix subscription has expired. Update your payment details to continue watching.
phishing,You have won a $1000 Walmart gift card! Claim your prize now at this link.
legitimate,Happy Birthday! Hope you have a wonderful day celebrating.
legitimate,Hello! Let's meet at Java House Kimathi Street at 4 PM for the interview.
phishing,Your Netflix subscription has expired. Update your payment details to continue watching.
legitimate,Safaricom: Your data bundle is below 10MB. Dial *544# to buy another bundle.
phishing,"Dear Customer, your Equity Bank account will be blocked today due to lack of KYC update. Click here to update: http://equity-update.com"
legitimate,"Hey, are we still on for lunch tomorrow? Let me know what time works for you."
legitimate,"Hi team, just a reminder about our meeting at 2 PM today. See you there."
phishing,Congratulations! You are our lucky winner today. Click here to claim your reward.
legitimate,Please find the meeting minutes attached for your review.
phishing,Action Required: Verify your email address to avoid service interruption.
legitimate,Thank you for your recent purchase. Your receipt is attached.
phishing,Action Required: Verify your email address to avoid service interruption.
phishing,"Dear customer, your package could not be delivered. Pay the shipping fee here."
legitimate,"Safaricom: You have received KES 5,000 from John Doe. New M-PESA balance is KES 15,200."
legitimate,"Hi, I have sent the 2k via M-Pesa. Let me know if you receive it."
phishing,Action Required: Verify your email address to avoid service interruption.
legitimate,Please find the meeting minutes attached for your review.
phishing,"Warning! M-Shwari loan limit decreased. Click here to increase your limit back to KES 30,000."
legitimate,Hello! Let's meet at Java House Kimathi Street at 4 PM for the interview.
legitimate,Safaricom: Your data bundle is below 10MB. Dial *544# to buy another bundle.
legitimate,Can you please review this code PR when you have a moment?
legitimate,"Hey, are we still on for lunch tomorrow? Let me know what time works for you."
legitimate,"Safaricom: You have received KES 5,000 from John Doe. New M-PESA balance is KES 15,200."
phishing,Final Notice: Your invoice #3978 is overdue. Download the attached PDF to view details.
phishing,Final Notice: Your invoice #7093 is overdue. Download the attached PDF to view details.
phishing,Your Netflix subscription has expired. Update your payment details to continue watching.
phishing,You have a pending tax refund. Click here to fill out the form and claim your money.
phishing,Alert: Someone tried to access your bank account from a new device. Secure it now.
legitimate,"Hi mum, I arrived safely in Nairobi. I'll call you later in the evening."
phishing,Security Alert: We detected unusual login activity on your account. Reset your password immediately.
phishing,Your Netflix urgent subscription has expired. Update your payment details to continue watching.
phishing,Warning: Your mailbox is almost full. Upgrade your urgent storage by clicking the link.
phishing,"Dear Parent, this is your child's teacher. Please send 2000 bob for an urgent school trip to this number: 0712345678"
legitimate,I'll be out of the office next week on vacation. Please contact Sarah for urgent issues.
phishing,Warning: Your mailbox is almost full. Upgrade your storage by clicking the link.
legitimate,Safaricom: Your data bundle is below 10MB. Dial *544# to buy another bundle.
phishing,"Hustler urgent Fund Alert: Your loan of KES 10,000 has been approved. Pay a registration fee of KES 200 to this till number to receive it."
phishing,"Dear Customer, your Equity Bank account will be blocked today due to lack of KYC update. Click here to update: http://equity-update.com"
legitimate,Happy Birthday! Hope you have a wonderful day celebrating.
phishing,"KRA Alert: You have a pending tax penalty of KES 5,000. Pay immediately via this link to avoid prosecution: http://kra-penalties.org"
legitimate,Thanks for reaching out! I'll get back to you as soon as possible.
legitimate,Reminder: The tech meetup at iHub starts at 9:00 AM on Saturday.
phishing,You have a pending tax refund. Click here to fill out the form and claim your money.
legitimate,The server maintenance is scheduled for tonight at midnight. Expect brief downtime.
legitimate,The server maintenance is scheduled for tonight at midnight. Expect brief downtime.
legitimate,Happy Birthday! Hope you have a wonderful day celebrating.
phishing,"Safaricom: Congratulations! You have won KES 50,000 in the Shinda Mawe promotion. Call 0722000000 to claim."
legitimate,Happy Birthday! Hope you have a wonderful day celebrating.
phishing,"Dear customer, your package could not be delivered. Pay the shipping fee here."
legitimate,"Equity Bank: Your salary of KES 45,000 has been deposited to account ending in 4521."
phishing,You have won a $1000 Walmart gift card! Claim your prize now at this link.
phishing,URGENT: Your M-Pesa account has been suspended. Click here to verify your identity http://mpesa-verify.duckdns.org/verify?id=2369
phishing,Security Alert: We detected unusual login activity on your account. Reset your password immediately.
phishing,Warning: Your mailbox is almost full. Upgrade your storage by clicking the link.
legitimate,"Safaricom: You have received KES 5,000 from John Doe. New M-PESA balance is KES 15,200."
legitimate,Thanks for reaching out! I'll get back to you as soon as possible.
legitimate,Hello! Let's meet at Java House Kimathi Street at 4 PM for the interview.
phishing,Action Required: Verify your urgent email address to avoid service interruption.
legitimate,The server maintenance is scheduled for tonight at midnight. Expect brief downtime.
legitimate,Thank you for your recent purchase. Your receipt is attached.
phishing,Your Apple ID has been locked for security reasons. urgent Verify your account at the link below.
phishing,You have a pending tax refund. Click here to fill out the form and claim your money.
phishing,Please review the attached secure document from HR regarding your salary update.
phishing,Security Alert: We detected unusual login activity on your account. Reset your password immediately.
legitimate,Your KPLC Token is 1234 5678 9012 3456 7890. Amount: KES 1000. Units: 45.2
phishing,Warning: Your mailbox is almost full. Upgrade your storage by clicking the link.
legitimate,"Hi mum, I arrived safely in Nairobi. I'll call you later in the evening."
phishing,Alert: Someone tried to access your bank account from a new device. Secure it now.
phishing,"Dear customer, your package could not be delivered. Pay the shipping fee here."
legitimate,KRA: Your tax returns for the year have been filed successfully.
phishing,Final Notice: Your invoice #5879 is overdue. Download the attached PDF to view details.
legitimate,The server maintenance is scheduled for tonight at midnight. Expect brief downtime.
phishing,"KRA Alert: You have a pending tax penalty of KES 5,000. Pay immediately via this link to avoid prosecution: http://kra-penalties.org"
phishing,You have a pending tax refund. Click here to fill out the form and claim your money.
legitimate,Thanks for reaching out! I'll get back to you as soon as possible.
legitimate,"Equity Bank: Your salary of KES 45,000 has been deposited to account ending in 4521."
phishing,Alert: Someone tried to access your bank account from a new device. Secure it now.
phishing,Security Alert: We detected unusual login activity on your account. Reset your password immediately.
phishing,Your PayPal account is restricted. Please update your billing information within 24 hours.
phishing,Final Notice: Your invoice #3491 is overdue. Download the attached PDF to view details.
phishing,"Dear Parent, this is your child's teacher. Please send 2000 bob for an urgent school trip to this number: 0712345678"
phishing,Fuliza Limit Warning: Your Fuliza limit will be reduced to 0. Reply with your PIN to prevent this.
phishing,Your KPLC prepaid meter will be disconnected today. Pay outstanding balance here: http://kplc-payment.net
legitimate,Attached is the report you requested for Q3. Let me know if you need any changes.
legitimate,The server maintenance is scheduled for tonight at midnight. Expect brief downtime.
phishing,URGENT: urgent Your M-Pesa account has been suspended. Click here to verify your identity http://mpesa-verify.duckdns.org/verify?id=4393
phishing,Helb Loan disbursement delayed! Kindly click http://helb-portal-login.com to update your bank details immediately.
phishing,"Dear customer, your package could not be delivered. Pay the shipping fee here."
phishing,Your KPLC prepaid meter will be disconnected today. Pay outstanding balance here: http://kplc-payment.net
legitimate,Hello! Let's meet at Java House Kimathi Street at 4 PM for the interview.
legitimate,KRA: Your tax returns for the year have been filed successfully.
phishing,Alert: Someone tried to access your bank account from a new device. Secure it now.
phishing,Urgent: Your account has been suspended. Click here to verify your identity.
phishing,Warning: Your mailbox is almost urgent full. Upgrade your storage by clicking the link.
phishing,Your Apple ID has been locked for security reasons. Verify your account at the link below.
phishing,Your KPLC prepaid meter will be disconnected today. Pay outstanding balance urgent here: http://kplc-payment.net
phishing,"Warning! M-Shwari loan limit decreased. Click here to increase your limit back to KES 30,000."
phishing,"Hustler Fund Alert: Your loan of KES 10,000 has been approved. Pay a registration fee of KES 200 to this till number to receive it."
legitimate,Just checking in to see how the project is going. Let me know if you need help.
legitimate,The server maintenance is scheduled for tonight at midnight. Expect brief downtime.
phishing,Congratulations! You are our lucky winner today. Click here to claim your reward.
phishing,Fuliza Limit Warning: Your Fuliza limit will be reduced to 0. Reply with your PIN to prevent this.
legitimate,"Hi team, just a reminder about our meeting at 2 PM today. See you there."
phishing,"Dear Parent, this is your child's teacher. Please send 2000 bob for an urgent school trip to this number: 0712345678"
legitimate,Safaricom: Your data bundle is below 10MB. Dial *544# to buy another bundle.
phishing,You have a pending tax refund. Click here to fill out the form and claim your money.
phishing,Congratulations! You are our lucky winner today. Click here to claim your reward.
legitimate,Your KPLC Token is 1234 5678 9012 3456 7890. Amount: KES 1000. Units: 45.2
legitimate,"Safaricom: You have received KES 5,000 from John Doe. New M-PESA balance is KES 15,200."
phishing,Please review the attached urgent secure document from HR regarding your salary update.
phishing,Helb Loan disbursement delayed! Kindly click http://helb-portal-login.com to update your bank details immediately.
phishing,"KRA Alert: You have a pending tax penalty of KES 5,000. Pay immediately urgent via this link to avoid prosecution: http://kra-penalties.org"
phishing,Security Alert: We detected unusual login activity on your account. Reset your password immediately.
legitimate,Attached is the report you requested for Q3. Let me know if you need any changes.
phishing,You have won a $1000 Walmart gift card! Claim your prize now at this link.
legitimate,Hello! Let's meet at Java House Kimathi Street at 4 PM for the interview.
legitimate,Can you please review this code PR when you have a moment?
legitimate,"Equity Bank: Your salary of KES 45,000 has been deposited to account ending in 4521."
phishing,Fuliza Limit Warning: Your Fuliza limit will be reduced to 0. Reply with your PIN to prevent this.
legitimate,"Equity Bank: Your salary of KES 45,000 has been deposited to account ending in 4521."
phishing,Your Netflix subscription has expired. Update your payment details to continue watching.
phishing,Your Apple ID has been locked for security reasons. Verify your account at the link below.
legitimate,Thanks for reaching out! I'll get back to you as soon as possible.
legitimate,Your flight to Chicago is confirmed. Here is your itinerary.
legitimate,Attached is the report you requested for Q3. Let me know if you need any changes.
phishing,Helb Loan disbursement delayed! Kindly click http://helb-portal-login.com to update your bank details immediately.
legitimate,"Safaricom: You have received KES 5,000 from John Doe. New M-PESA balance is KES 15,200."
phishing,URGENT: Your M-Pesa account has been suspended. Click here to verify your identity http://mpesa-verify.duckdns.org/verify?id=9068
legitimate,"Hi mum, I arrived safely in Nairobi. I'll call you later in the evening."
legitimate,Are you available for a quick sync later today?
phishing,"Warning! M-Shwari loan limit decreased. Click here to increase your limit back to KES 30,000."
legitimate,Your Amazon order #7032 has shipped and will arrive by tomorrow.
phishing,"Hustler Fund Alert: Your loan of KES 10,000 has been approved. Pay a registration fee of KES 200 to this till number to receive it."
phishing,Action Required: Verify your urgent email address to avoid service interruption.
legitimate,Thank you for your recent purchase. Your receipt is attached.
phishing,"Safaricom: Congratulations! You have won KES 50,000 in the Shinda Mawe promotion. Call 0722000000 to claim."
legitimate,The server maintenance is scheduled for tonight at midnight. Expect brief downtime.
phishing,"Dear Customer, your Equity Bank account will be blocked today due to lack of KYC update. Click here to update: http://equity-update.com"
phishing,"Safaricom: Congratulations! You urgent have won KES 50,000 in the Shinda Mawe promotion. Call 0722000000 to claim."
legitimate,"Hi mum, I arrived safely in Nairobi. I'll call you later in the evening."
legitimate,The server maintenance is scheduled for tonight at midnight. Expect brief downtime.
legitimate,Thanks for reaching out! I'll get back to you as soon as possible.
phishing,"Dear Parent, this is your child's teacher. Please urgent send 2000 bob for an urgent school trip to this number: 0712345678"
legitimate,Safaricom: Your data bundle is below 10MB. Dial *544# to buy another bundle.
legitimate,Thanks for reaching out! I'll get back to you as soon as possible.
phishing,Action Required: Verify your email address to avoid service interruption.
legitimate,"Safaricom: You have received KES 5,000 from John Doe. New M-PESA balance is KES 15,200."
legitimate,Your Amazon order #5096 has shipped and will arrive by tomorrow.
phishing,Your Netflix subscription has expired. Update your payment details to continue watching.
phishing,urgent Your PayPal account is restricted. Please update your billing information within 24 hours.
legitimate,Your KPLC Token is 1234 5678 9012 3456 7890. Amount: KES 1000. Units: 45.2
legitimate,"Hi, I have sent the 2k via M-Pesa. Let me know if you receive it."
phishing,Your PayPal account is restricted. Please update your billing information within 24 hours.
legitimate,"Hi mum, I arrived safely in Nairobi. I'll call you later in the evening."
legitimate,Your Amazon order #9745 has shipped and will arrive by tomorrow.
legitimate,Just checking in to see how the project is going. Let me know if you need help.
legitimate,Are you available for a quick sync later today?
legitimate,Don't forget to submit your timesheets by Friday afternoon.
phishing,"Dear Customer, your Equity Bank account will be blocked today due to lack of KYC update. Click here to update: http://equity-update.com"
phishing,Your PayPal account is restricted. Please update your billing information within 24 hours.
phishing,"Dear Parent, this is your child's teacher. Please send 2000 bob for an urgent school trip to this number: 0712345678"
phishing,You have a pending tax refund. Click here to fill out the form and claim your money.
phishing,Warning: Your mailbox is almost full. Upgrade your storage by clicking the link.
phishing,Warning: Your mailbox is almost full. Upgrade urgent your storage by clicking the link.
phishing,"Dear customer, your package could not be delivered. Pay the shipping fee here."
phishing,Your Netflix subscription has expired. Update your payment details to continue watching.
legitimate,Attached is the report you requested for Q3. Let me know if you need any changes.
legitimate,Safaricom: Your data bundle is below 10MB. Dial *544# to buy another bundle.
phishing,Your Apple ID has been locked for security reasons. Verify your account at the link below.
legitimate,Your KPLC Token is 1234 5678 9012 3456 7890. Amount: KES 1000. Units: 45.2
phishing,"Dear customer, your package could not be delivered. Pay the shipping fee here."
phishing,Warning: Your mailbox is almost full. Upgrade your storage by clicking the link.
legitimate,"Hi team, just a reminder about our meeting at 2 PM today. See you there."
phishing,Action Required: Verify your email address to avoid service interruption.
phishing,Final Notice: Your invoice #4407 is overdue. Download the attached PDF to view details.
legitimate,"Safaricom: You have received KES 5,000 from John Doe. New M-PESA balance is KES 15,200."
legitimate,KRA: Your tax returns for the year have been filed successfully.
legitimate,Reminder: The tech meetup at iHub starts at 9:00 AM on Saturday.
legitimate,Reminder: The tech meetup at iHub starts at 9:00 AM on Saturday.
legitimate,Your flight to Chicago is confirmed. Here is your itinerary.
phishing,"Warning! M-Shwari loan limit decreased. Click here to increase your limit back to KES 30,000."
legitimate,Are you available for a quick sync later today?
legitimate,Your Amazon order #4521 has shipped and will arrive by tomorrow.
legitimate,Are you available for a quick sync later today?
phishing,"Dear Customer, your Equity Bank account will be blocked today due to lack of KYC update. Click here to update: http://equity-update.com"
phishing,Congratulations! You are our lucky winner today. Click here to claim your reward.
legitimate,Thank you for your recent purchase. Your receipt is attached.
legitimate,Just checking in to see how the project is going. Let me know if you need help.
legitimate,Reminder: The tech meetup at iHub starts at 9:00 AM on Saturday.
legitimate,"Hi team, just a reminder about our meeting at 2 PM today. See you there."
legitimate,Please find the meeting minutes attached for your review.
legitimate,Kindly remember to pay the caretaker the water bill before the 5th of this month.
legitimate,Don't forget to submit your timesheets by Friday afternoon.
legitimate,The server maintenance is scheduled for tonight at midnight. Expect brief downtime.
legitimate,"Equity Bank: Your salary of KES 45,000 has been deposited to account ending in 4521."
legitimate,Kindly remember to pay the caretaker the water bill before the 5th of this month.
legitimate,Happy Birthday! Hope you have a wonderful day celebrating.
legitimate,Safaricom: Your data bundle is below 10MB. Dial *544# to buy another bundle.
phishing,"Safaricom: Congratulations! You have won KES 50,000 in the Shinda Mawe promotion. Call 0722000000 to claim."
legitimate,"Hi, I have sent the 2k via M-Pesa. Let me know if you receive it."
phishing,"Dear customer, your package could not be delivered. Pay the shipping fee here."
legitimate,Thank you for your recent purchase. Your receipt is attached.
phishing,Urgent: Your account has been suspended. Click here to verify your identity.
legitimate,Your flight to Chicago is confirmed. Here is your itinerary.
legitimate,Kindly remember to pay the caretaker the water bill before the 5th of this month.
legitimate,Thanks for reaching out! I'll get back to you as soon as possible.
legitimate,Thank you for your recent purchase. Your receipt is attached.
phishing,Exclusive offer! Buy cheap medications online without prescription.
phishing,Warning: Your mailbox is almost full. Upgrade your storage by clicking the link.
legitimate,Hello! Let's meet at Java House Kimathi Street at 4 PM for the interview.
phishing,You have a pending tax refund. Click here to fill out the form and claim your money.
phishing,Urgent: Your account has been suspended. Click here to verify your identity.
legitimate,Can you please review this code PR when you have a moment?
phishing,"Dear Parent, this is your child's teacher. Please send 2000 bob for an urgent school trip to this number: 0712345678"
phishing,Your Netflix subscription has expired. Update your payment details to continue watching.
legitimate,"Safaricom: You have received KES 5,000 from John Doe. New M-PESA balance is KES 15,200."
phishing,"Warning! M-Shwari loan limit decreased. Click here to increase your limit back to KES 30,000."
legitimate,Your Amazon order #5004 has shipped and will arrive by tomorrow.
phishing,"Hustler Fund Alert: Your loan of KES 10,000 has been approved. Pay a registration fee of KES 200 to this till number to receive it."
legitimate,Your Amazon order #7991 has shipped and will arrive by tomorrow.
legitimate,Your KPLC Token is 1234 5678 9012 3456 7890. Amount: KES 1000. Units: 45.2
legitimate,Don't forget to submit your timesheets by Friday afternoon.
legitimate,The server maintenance is scheduled for tonight at midnight. Expect brief downtime.
legitimate,Just checking in to see how the project is going. Let me know if you need help.
legitimate,Just checking in to see how the project is going. Let me know if you need help.
legitimate,Your flight to Chicago is confirmed. Here is your itinerary.
legitimate,Your flight to Chicago is confirmed. Here is your itinerary.
legitimate,KRA: Your tax returns for the year have been filed successfully.
legitimate,"Equity Bank: Your salary of KES 45,000 has been deposited to account ending in 4521."
legitimate,Your flight to Chicago is confirmed. Here is your itinerary.
legitimate,Can you please review this code PR when you have a moment?
phishing,Your PayPal account is restricted. Please update your billing information within 24 hours.
legitimate,"Hi team, just a reminder about our meeting at 2 PM today. See you there."
phishing,"Dear customer, your package could not be delivered. Pay the shipping fee here."
phishing,Your Netflix subscription has expired. Update your payment details to continue watching.
legitimate,"Hey, are we still on for lunch tomorrow? Let me know what time works for you."
legitimate,Thank you for your recent purchase. Your receipt is attached.
phishing,Your KPLC prepaid meter will be disconnected today. Pay outstanding balance here: http://kplc-payment.net
legitimate,Your Amazon order #5809 has shipped and will arrive by tomorrow.
legitimate,Can you please review this code PR when you have a moment?
legitimate,"Hi, I have sent the 2k via M-Pesa. Let me know if you receive it."
phishing,You have won a $1000 Walmart gift card! Claim your prize now at this link.
phishing,URGENT: Your M-Pesa account has been suspended. Click here to verify your identity http://mpesa-verify.duckdns.org/verify?id=1260
phishing,You have won a $1000 urgent Walmart gift card! Claim your prize now at this link.
legitimate,"Hey, are we still on for lunch tomorrow? Let me know what time works for you."
legitimate,Attached is the report you requested for Q3. Let me know if you need any changes.
phishing,Helb Loan disbursement delayed! Kindly click http://helb-portal-login.com to update your bank details immediately.
phishing,Your PayPal account is restricted. Please update your billing information within 24 hours.
legitimate,Thank you for your recent purchase. Your receipt is attached.
legitimate,Safaricom: Your data bundle is below 10MB. Dial *544# to buy another bundle.
legitimate,Your KPLC Token is 1234 5678 9012 3456 7890. Amount: KES 1000. Units: 45.2
phishing,Fuliza Limit Warning: Your Fuliza limit will be reduced to 0. Reply with your PIN to prevent this.
legitimate,Happy Birthday! Hope you have a wonderful day celebrating.
phishing,"KRA Alert: You have a pending tax urgent penalty of KES 5,000. Pay immediately via this link to avoid prosecution: http://kra-penalties.org"
legitimate,Just checking in to see how the project is going. Let me know if you need help.
legitimate,Please find the meeting minutes attached for your review.
legitimate,Happy Birthday! Hope you have a wonderful day celebrating.
phishing,Your Netflix urgent subscription has expired. Update your payment details to continue watching.
legitimate,"Hey, are we still on for lunch tomorrow? Let me know what time works for you."
legitimate,Please find the meeting minutes attached for your review.
legitimate,Please find the meeting minutes attached for your review.
legitimate,I'll be out of the office next week on vacation. Please contact Sarah for urgent issues.
legitimate,"Equity Bank: Your salary of KES 45,000 has been deposited to account ending in 4521."
legitimate,I'll be out of the office next week on vacation. Please contact Sarah for urgent issues.
legitimate,Please find the meeting minutes attached for your review.
legitimate,"Safaricom: You have received KES 5,000 from John Doe. New M-PESA balance is KES 15,200."
phishing,Your KPLC prepaid meter will be disconnected today. Pay outstanding balance here: http://kplc-payment.net
phishing,Your KPLC prepaid meter will be disconnected today. Pay outstanding balance here: http://kplc-payment.net urgent
legitimate,"Hi, I have sent the 2k via M-Pesa. Let me know if you receive it."
phishing,"KRA Alert: You have a pending tax penalty of KES 5,000. Pay immediately via this link to avoid prosecution: http://kra-penalties.org"
phishing,"KRA Alert: You urgent have a pending tax penalty of KES 5,000. Pay immediately via this link to avoid prosecution: http://kra-penalties.org"
legitimate,Hello! Let's meet at Java House Kimathi Street at 4 PM for the interview.
phishing,urgent Action Required: Verify your email address to avoid service interruption.
phishing,You have a pending tax refund. Click here to fill out the form and claim your money.
phishing,You have a pending tax refund. Click here to fill out the form and claim your money.
phishing,"Dear Parent, this is your child's teacher. Please send 2000 bob for an urgent school trip to this number: 0712345678"
phishing,"Dear Parent, this is your child's teacher. Please send 2000 bob for an urgent school trip to this number: 0712345678"
phishing,"Hustler Fund Alert: Your loan of KES 10,000 has been approved. Pay a registration fee of KES 200 to this till number to receive it."
legitimate,Are you available for a quick sync later today?
phishing,URGENT: Your M-Pesa account has been suspended. Click here to verify your identity http://mpesa-verify.duckdns.org/verify?id=8538
phishing,Helb Loan disbursement delayed! Kindly click http://helb-portal-login.com to update your bank details immediately.
phishing,"Dear customer, your package could not be delivered. Pay the shipping fee here."
phishing,Exclusive offer! Buy cheap medications urgent online without prescription.
legitimate,Safaricom: Your data bundle is below 10MB. Dial *544# to buy another bundle.
phishing,Security Alert: We detected unusual login activity on your account. Reset your password immediately.
legitimate,Just checking in to see how the project is going. Let me know if you need help.
legitimate,"Safaricom: You have received KES 5,000 from John Doe. New M-PESA balance is KES 15,200."
phishing,"Hustler Fund Alert: Your loan of KES 10,000 has been approved. Pay a registration fee of KES 200 to this till number to receive it."
legitimate,"Safaricom: You have received KES 5,000 from John Doe. New M-PESA balance is KES 15,200."
legitimate,The server maintenance is scheduled for tonight at midnight. Expect brief downtime.
phishing,Security Alert: We detected unusual login activity on your account. Reset your password immediately.
phishing,"Dear Customer, your Equity Bank account will be blocked today due to lack of KYC update. Click here to update: http://equity-update.com"
phishing,Your PayPal account is restricted. Please update your billing information within 24 hours.
phishing,"Dear Parent, this is your child's teacher. Please send 2000 bob for an urgent school trip to this number: 0712345678"
legitimate,Attached is the report you requested for Q3. Let me know if you need any changes.
legitimate,Thank you for your recent purchase. Your receipt is attached.
phishing,Your Netflix subscription has expired. Update your payment details to continue watching.
legitimate,Happy Birthday! Hope you have a wonderful day celebrating.
phishing,"Dear customer, your package could not be delivered. Pay the shipping fee here."
legitimate,Can you please review this code PR when you have a moment?
legitimate,"Hi mum, I arrived safely in Nairobi. I'll call you later in the evening."
legitimate,"Hi, I have sent the 2k via M-Pesa. Let me know if you receive it."
phishing,You have a pending tax refund. Click here to fill out the form and claim your money.
legitimate,I'll be out of the office next week on vacation. Please contact Sarah for urgent issues.
legitimate,Safaricom: Your data bundle is below 10MB. Dial *544# to buy another bundle.
phishing,"Dear customer, your package could not be delivered. Pay the shipping fee here."
legitimate,"Equity Bank: Your salary of KES 45,000 has been deposited to account ending in 4521."
phishing,Exclusive offer! Buy cheap medications online without prescription.
phishing,Alert: Someone tried to access your bank account from a new device. Secure it now.
legitimate,KRA: Your tax returns for the year have been filed successfully.
legitimate,"Hi team, just a reminder about our meeting at 2 PM today. See you there."
legitimate,Hello! Let's meet at Java House Kimathi Street at 4 PM for the interview.
phishing,Urgent: Your account has been suspended. Click here to verify your identity.
legitimate,Just checking in to see how the project is going. Let me know if you need help.
phishing,"Safaricom: Congratulations! You have won KES 50,000 in the Shinda Mawe promotion. Call 0722000000 to claim."
legitimate,KRA: Your tax returns for the year have been filed successfully.
phishing,"Dear Customer, your Equity Bank account will be blocked today due to lack of KYC update. Click here to update: http://equity-update.com"
phishing,Helb Loan disbursement delayed! Kindly click http://helb-portal-login.com to update your bank details immediately.
legitimate,"Hi mum, I arrived safely in Nairobi. I'll call you later in the evening."
legitimate,KRA: Your tax returns for the year have been filed successfully.
legitimate,Happy Birthday! Hope you have a wonderful day celebrating.
phishing,Your Apple ID has been locked for security reasons. Verify your account at the link below.
legitimate,Attached is the report you requested for Q3. Let me know if you need any changes.
legitimate,KRA: Your tax returns for the year have been filed successfully.
legitimate,Reminder: The tech meetup at iHub starts at 9:00 AM on Saturday.
phishing,Please review the attached secure document from HR regarding your salary update.
phishing,Congratulations! You are our urgent lucky winner today. Click here to claim your reward.
phishing,"Warning! M-Shwari loan limit decreased. Click here to increase your limit back to KES 30,000."
legitimate,Thanks for reaching out! I'll get back to you as soon as possible.
phishing,URGENT: Your M-Pesa account urgent has been suspended. Click here to verify your identity http://mpesa-verify.duckdns.org/verify?id=7411
legitimate,Can you please review this code PR when you have a moment?
phishing,Your KPLC prepaid meter will be disconnected today. Pay outstanding balance here: http://kplc-payment.net
legitimate,Hello! Let's meet at Java House Kimathi Street at 4 PM for the interview.
legitimate,"Hi mum, I arrived safely in Nairobi. I'll call you later in the evening."
legitimate,I'll be out of the office next week on vacation. Please contact Sarah for urgent issues.
legitimate,"Hey, are we still on for lunch tomorrow? Let me know what time works for you."
phishing,Fuliza Limit Warning: Your Fuliza limit will be reduced to 0. Reply with your PIN to prevent this.
legitimate,"Hi, I have sent the 2k via M-Pesa. Let me know if you receive it."
legitimate,Your Amazon order #3918 has shipped and will arrive by tomorrow.
phishing,You have won a $1000 Walmart gift card! Claim your prize now at this link.
phishing,Final Notice: Your invoice #8399 is overdue. Download the attached PDF to view details.
phishing,"Dear Customer, your Equity Bank account will be blocked today due to lack of KYC update. Click here to update: http://equity-update.com"
phishing,Fuliza urgent Limit Warning: Your Fuliza limit will be reduced to 0. Reply with your PIN to prevent this.
legitimate,"Safaricom: You have received KES 5,000 from John Doe. New M-PESA balance is KES 15,200."
phishing,"Hustler Fund Alert: Your loan of KES 10,000 has been approved. Pay a registration fee of KES 200 to this till number to receive it."
legitimate,KRA: Your tax returns for the year have been filed successfully.
phishing,Final Notice: Your invoice #7101 is overdue. Download the attached PDF to view details.
legitimate,Attached is the report you requested for Q3. Let me know if you need any changes.
phishing,Urgent: Your account has been suspended. Click here to verify your identity.
legitimate,Safaricom: Your data bundle is below 10MB. Dial *544# to buy another bundle.
phishing,Please review the attached secure document from HR regarding your salary update.
phishing,Alert: Someone tried to access your bank account from a new device. Secure it now.
legitimate,Reminder: The tech meetup at iHub starts at 9:00 AM on Saturday.
phishing,Action Required: Verify your email address to avoid service interruption.
legitimate,I'll be out of the office next week on vacation. Please contact Sarah for urgent issues.
legitimate,Happy Birthday! Hope you have a wonderful day celebrating.
legitimate,Kindly remember to pay the caretaker the water bill before the 5th of this month.
legitimate,I'll be out of the office next week on vacation. Please contact Sarah for urgent issues.
phishing,Your Netflix subscription has expired. Update your payment details to continue watching.
legitimate,Reminder: The tech meetup at iHub starts at 9:00 AM on Saturday.
legitimate,Thanks for reaching out! I'll get back to you as soon as possible.
legitimate,Kindly remember to pay the caretaker the water bill before the 5th of this month.
legitimate,Don't forget to submit your timesheets by Friday afternoon.
legitimate,Don't forget to submit your timesheets by Friday afternoon.
legitimate,"Hey, are we still on for lunch tomorrow? Let me know what time works for you."
legitimate,I'll be out of the office next week on vacation. Please contact Sarah for urgent issues.
legitimate,Can you please review this code PR when you have a moment?
legitimate,Are you available for a quick sync later today?
phishing,Action Required: Verify urgent your email address to avoid service interruption.
phishing,Final Notice: Your invoice #3746 is overdue. Download the attached PDF to view urgent details.
legitimate,"Hi team, just a reminder about our meeting at 2 PM today. See you there."
phishing,Warning: Your mailbox is almost full. Upgrade your storage by clicking the link.
phishing,Warning: Your mailbox is almost full. Upgrade your storage by clicking the link.
legitimate,Please find the meeting minutes attached for your review.
legitimate,Thank you for your recent purchase. Your receipt is attached.
legitimate,Thank you for your recent purchase. Your receipt is attached.
phishing,Please review the attached secure document from HR regarding your urgent salary update.
legitimate,Thank you for your recent purchase. Your receipt is attached.
phishing,URGENT: Your M-Pesa account has been suspended. Click here to verify your identity http://mpesa-verify.duckdns.org/verify?id=5446
phishing,Please review the attached secure document from HR regarding your salary update.
phishing,"Hustler Fund Alert: Your loan of KES 10,000 has been approved. Pay a registration fee of KES 200 to this till number to urgent receive it."
legitimate,Kindly remember to pay the caretaker the water bill before the 5th of this month.
legitimate,"Hey, are we still on for lunch tomorrow? Let me know what time works for you."
phishing,Congratulations! You are our lucky winner today. Click here to claim your reward.
legitimate,"Equity Bank: Your salary of KES 45,000 has been deposited to account ending in 4521."
phishing,Warning: Your mailbox is almost full. Upgrade your storage by clicking the link.
legitimate,Can you please review this code PR when you have a moment?
phishing,"Dear Customer, your Equity Bank account will be blocked today due to lack of KYC update. Click here to update: http://equity-update.com"
phishing,Exclusive offer! Buy cheap medications online without prescription.
legitimate,Don't forget to submit your timesheets by Friday afternoon.
phishing,Urgent: Your account has been suspended. Click here to verify your identity.
phishing,Your Netflix subscription has expired. Update your payment details to continue watching.
phishing,Warning: urgent Your mailbox is almost full. Upgrade your storage by clicking the link.
phishing,Urgent: Your account has been suspended. Click here to verify your identity.
phishing,"Dear Customer, your Equity Bank account will be blocked today due to lack of KYC update. Click here to update: http://equity-update.com"
legitimate,Safaricom: Your data bundle is below 10MB. Dial *544# to buy another bundle.
legitimate,Thanks for reaching out! I'll get back to you as soon as possible.
legitimate,Happy Birthday! Hope you have a wonderful day celebrating.
phishing,Please review the attached secure document from HR regarding your urgent salary update.
phishing,Helb Loan disbursement delayed! Kindly click http://helb-portal-login.com to update your bank details immediately.
legitimate,Your Amazon order #4410 has shipped and will arrive by tomorrow.
phishing,"Dear customer, your package could not be delivered. Pay the shipping fee here."
phishing,Alert: Someone tried to access your bank account from a new device. Secure it now.
legitimate,Please find the meeting minutes attached for your review.
phishing,"Safaricom: Congratulations! You have won KES 50,000 in the Shinda Mawe promotion. Call 0722000000 to urgent claim."
phishing,You have a pending tax refund. Click here to fill out the form and claim your money.
legitimate,Thank you for your recent purchase. Your receipt is attached.
phishing,Helb Loan disbursement delayed! Kindly click http://helb-portal-login.com to update your bank details immediately.
phishing,Please review the attached secure document from HR regarding your salary update.
legitimate,"Equity Bank: Your salary of KES 45,000 has been deposited to account ending in 4521."
legitimate,Don't forget to submit your timesheets by Friday afternoon.
legitimate,Please find the meeting minutes attached for your review.
phishing,Final Notice: Your invoice #7351 is overdue. Download the attached PDF to view details.
legitimate,Hello! Let's meet at Java House Kimathi Street at 4 PM for the interview.
phishing,Your Apple ID has been locked for security reasons. Verify your account urgent at the link below.
legitimate,Your KPLC Token is 1234 5678 9012 3456 7890. Amount: KES 1000. Units: 45.2
legitimate,Happy Birthday! Hope you have a wonderful day celebrating.
phishing,Exclusive urgent offer! Buy cheap medications online without prescription.
legitimate,"Equity Bank: Your salary of KES 45,000 has been deposited to account ending in 4521."
phishing,Final Notice: Your invoice #4015 is overdue. Download the attached PDF to view details.
legitimate,Reminder: The tech meetup at iHub starts at 9:00 AM on Saturday.
phishing,"KRA Alert: You have a pending tax penalty of KES 5,000. Pay immediately via this link to avoid prosecution: http://kra-penalties.org"
legitimate,Please find the meeting minutes attached for your review.
legitimate,Don't forget to submit your timesheets by Friday afternoon.
legitimate,"Safaricom: You have received KES 5,000 from John Doe. New M-PESA balance is KES 15,200."
legitimate,Your Amazon order #2360 has shipped and will arrive by tomorrow.
legitimate,Reminder: The tech meetup at iHub starts at 9:00 AM on Saturday.
phishing,Urgent: Your account has been suspended. Click here to verify your identity.
phishing,Warning: Your mailbox is almost full. Upgrade your storage by clicking the link.
legitimate,Can you please review this code PR when you have a moment?
phishing,URGENT: Your M-Pesa account has been suspended. Click here to verify your identity http://mpesa-verify.duckdns.org/verify?id=7949
legitimate,Thank you for your recent purchase. Your receipt is attached.
phishing,"Safaricom: Congratulations! You have won KES 50,000 in the Shinda Mawe promotion. Call 0722000000 to claim."
legitimate,Thank you for your recent purchase. Your receipt is attached.
phishing,Warning: Your mailbox is almost full. Upgrade your storage by clicking the link.
phishing,Alert: Someone tried to access your bank account from a new device. Secure it now.
phishing,Alert: Someone tried to access your bank account from a new device. Secure it now.
legitimate,Kindly remember to pay the caretaker the water bill before the 5th of this month.
phishing,Please review the attached secure document from HR regarding your salary update.
phishing,Fuliza Limit Warning: Your Fuliza limit will be reduced to 0. Reply with your PIN to prevent this.
phishing,URGENT: Your M-Pesa account has been suspended. Click here to verify your identity http://mpesa-verify.duckdns.org/verify?id=9379
legitimate,"Hi mum, I arrived safely in Nairobi. I'll call you later in the evening."
legitimate,Reminder: The tech meetup at iHub starts at 9:00 AM on Saturday.
phishing,"Dear Parent, this is your child's teacher. Please send 2000 bob for an urgent school trip to this number: 0712345678"
legitimate,Your Amazon order #4184 has shipped and will arrive by tomorrow.
phishing,Your KPLC prepaid meter will be disconnected today. Pay outstanding balance here: http://kplc-payment.net
phishing,Please review the attached secure document from HR regarding your salary update.
legitimate,Please find the meeting minutes attached for your review.
legitimate,Thanks for reaching out! I'll get back to you as soon as possible.
phishing,You have won a $1000 Walmart gift card! Claim your prize now at this link.
legitimate,Your KPLC Token is 1234 5678 9012 3456 7890. Amount: KES 1000. Units: 45.2
legitimate,Don't forget to submit your timesheets by Friday afternoon.
legitimate,Your flight to Chicago is confirmed. Here is your itinerary.
phishing,You have a pending tax refund. Click here to fill out the form and claim your money.
legitimate,"Hi mum, I arrived safely in Nairobi. I'll call you later in the evening."
legitimate,Your Amazon order #5796 has shipped and will arrive by tomorrow.
legitimate,Thank you for your recent purchase. Your receipt is attached.
legitimate,"Hi, I have sent the 2k via M-Pesa. Let me know if you receive it."
legitimate,"Hi, I have sent the 2k via M-Pesa. Let me know if you receive it."
phishing,Final Notice: Your invoice #3367 is overdue. Download the attached PDF to view details.
phishing,Helb Loan disbursement delayed! Kindly click http://helb-portal-login.com to update your bank details immediately.
legitimate,"Hi, I have sent the 2k via M-Pesa. Let me know if you receive it."
legitimate,Your Amazon order #3029 has shipped and will arrive by tomorrow.
legitimate,Safaricom: Your data bundle is below 10MB. Dial *544# to buy another bundle.
legitimate,Please find the meeting minutes attached for your review.
legitimate,"Hi team, just a reminder about our meeting at 2 PM today. See you there."
legitimate,"Safaricom: You have received KES 5,000 from John Doe. New M-PESA balance is KES 15,200."
legitimate,"Hi mum, I arrived safely in Nairobi. I'll call you later in the evening."
phishing,Exclusive offer! Buy cheap medications online without prescription.
legitimate,Please find the meeting minutes attached for your review.
legitimate,Don't forget to submit your timesheets by Friday afternoon.
legitimate,"Hi, I have sent the 2k via M-Pesa. Let me know if you receive it."
phishing,You have a pending tax refund. Click here to fill out the form and claim your money.
legitimate,Thanks for reaching out! I'll get back to you as soon as possible.
phishing,Security Alert: We detected unusual login activity on your account. Reset your password immediately.
legitimate,"Hey, are we still on for lunch tomorrow? Let me know what time works for you."
phishing,Security Alert: We detected unusual login activity on your account. Reset your password immediately.
legitimate,Thanks for reaching out! I'll get back to you as soon as possible.
legitimate,Your flight to Chicago is confirmed. Here is your itinerary.
phishing,Fuliza Limit Warning: Your Fuliza limit will be reduced to 0. Reply with your PIN to prevent this.
legitimate,Don't forget to submit your timesheets by Friday afternoon.
phishing,Your PayPal account is restricted. Please update your billing information within 24 hours.
phishing,Your Netflix subscription has expired. Update your payment urgent details to continue watching.
legitimate,"Safaricom: You have received KES 5,000 from John Doe. New M-PESA balance is KES 15,200."
phishing,Your Netflix urgent subscription has expired. Update your payment details to continue watching.
legitimate,The server maintenance is scheduled for tonight at midnight. Expect brief downtime.
phishing,Your Netflix subscription has expired. Update your payment details to continue watching.
legitimate,Don't forget to submit your timesheets by Friday afternoon.
legitimate,I'll be out of the office next week on vacation. Please contact Sarah for urgent issues.
legitimate,Are you available for a quick sync later today?
phishing,Urgent: Your account has been suspended. Click here to verify your identity.
phishing,Your Netflix subscription has expired. Update your payment details to continue watching.
phishing,You have won a $1000 Walmart gift card! Claim your prize now at this link.
phishing,Your PayPal account is restricted. Please update your billing information within 24 hours.
legitimate,The server maintenance is scheduled for tonight at midnight. Expect brief downtime.
legitimate,Thank you for your recent purchase. Your receipt is attached.
legitimate,"Safaricom: You have received KES 5,000 from John Doe. New M-PESA balance is KES 15,200."
phishing,Final Notice: Your invoice #6814 is overdue. Download the attached PDF to view details.
phishing,Security Alert: We detected unusual login activity on your account. Reset your password immediately.
phishing,Final Notice: Your invoice #2101 is overdue. Download the attached PDF to view details.
legitimate,I'll be out of the office next week on vacation. Please contact Sarah for urgent issues.
legitimate,Your flight to Chicago is confirmed. Here is your itinerary.
phishing,"Hustler Fund Alert: Your loan of KES 10,000 has been approved. Pay a registration fee of KES 200 to this till number to receive it."
legitimate,"Hi mum, I arrived safely in Nairobi. I'll call you later in the evening."
legitimate,"Hi, I have sent the 2k via M-Pesa. Let me know if you receive it."
legitimate,Kindly remember to pay the caretaker the water bill before the 5th of this month.
phishing,"KRA Alert: You have a pending tax penalty of KES 5,000. Pay immediately via this link to avoid prosecution: http://kra-penalties.org"
legitimate,Your flight to Chicago is confirmed. Here is your itinerary.
phishing,"Hustler Fund Alert: Your loan of KES 10,000 has been approved. Pay a registration fee of KES 200 to this till number to receive it."
phishing,Final Notice: Your invoice #4953 is overdue. Download the attached PDF to view details.
legitimate,Your KPLC Token is 1234 5678 9012 3456 7890. Amount: KES 1000. Units: 45.2
phishing,Alert: Someone tried to access your bank account from a new device. Secure it now.
phishing,You have won a $1000 Walmart gift card! Claim your prize urgent now at this link.
legitimate,"Equity Bank: Your salary of KES 45,000 has been deposited to account ending in 4521."
phishing,Helb Loan disbursement delayed! Kindly click http://helb-portal-login.com to update your bank details immediately.
phishing,Your Netflix subscription has expired. Update your payment details to continue watching.
phishing,Congratulations! You are our lucky winner today. Click here to claim your reward.
phishing,"Safaricom: Congratulations! You have won KES 50,000 in the Shinda Mawe promotion. Call 0722000000 to claim."
phishing,Urgent: Your account has been suspended. Click here to verify your identity.
phishing,"Dear customer, your package could not be delivered. Pay the shipping fee here."
legitimate,Attached is the report you requested for Q3. Let me know if you need any changes.
phishing,Fuliza Limit Warning: Your Fuliza limit will be reduced to 0. Reply with your PIN to prevent this.
legitimate,"Safaricom: You have received KES 5,000 from John Doe. New M-PESA balance is KES 15,200."
phishing,"Safaricom: Congratulations! You have won KES 50,000 in the Shinda Mawe urgent promotion. Call 0722000000 to claim."
legitimate,Happy Birthday! Hope you have a wonderful day celebrating.
phishing,Your Apple ID has been locked for security reasons. Verify your account at the link below.
legitimate,Don't forget to submit your timesheets by Friday afternoon.
legitimate,Don't forget to submit your timesheets by Friday afternoon.
phishing,"Dear customer, your package could not be delivered. Pay the shipping fee here."
legitimate,Can you please review this code PR when you have a moment?
legitimate,Hello! Let's meet at Java House Kimathi Street at 4 PM for the interview.
phishing,urgent Your PayPal account is restricted. Please update your billing information within 24 hours.
phishing,Final Notice: Your invoice #6845 is overdue. Download the attached PDF to view details.
legitimate,"Hi team, just a reminder about our meeting at 2 PM today. See you there."
legitimate,I'll be out of the office next week on vacation. Please contact Sarah for urgent issues.
legitimate,Can you please review this code PR when you have a moment?
legitimate,Hello! Let's meet at Java House Kimathi Street at 4 PM for the interview.
phishing,Exclusive offer! urgent Buy cheap medications online without prescription.
legitimate,Don't forget to submit your timesheets by Friday afternoon.
legitimate,Please find the meeting minutes attached for your review.
phishing,Warning: Your mailbox is almost full. Upgrade your storage by clicking the link.
phishing,Your PayPal account is restricted. Please update your billing information within 24 hours.
phishing,Security Alert: We detected unusual login activity on your account. Reset your password immediately.
phishing,Congratulations! You are urgent our lucky winner today. Click here to claim your reward.
legitimate,Your KPLC Token is 1234 5678 9012 3456 7890. Amount: KES 1000. Units: 45.2
legitimate,"Equity Bank: Your salary of KES 45,000 has been deposited to account ending in 4521."
legitimate,"Hi team, just a reminder about our meeting at 2 PM today. See you there."
legitimate,Hello! Let's meet at Java House Kimathi Street at 4 PM for the interview.
legitimate,Thank you for your recent purchase. Your receipt is attached.
legitimate,Safaricom: Your data bundle is below 10MB. Dial *544# to buy another bundle.
phishing,Helb Loan disbursement delayed! Kindly click http://helb-portal-login.com to update your bank details immediately. urgent
legitimate,I'll be out of the office next week on vacation. Please contact Sarah for urgent issues.
phishing,urgent Your KPLC prepaid meter will be disconnected today. Pay outstanding balance here: http://kplc-payment.net
legitimate,Are you available for a quick sync later today?
phishing,URGENT: Your M-Pesa account has been suspended. Click here to verify your identity http://mpesa-verify.duckdns.org/verify?id=3762
legitimate,Thank you for your recent purchase. Your receipt is attached.
legitimate,"Safaricom: You have received KES 5,000 from John Doe. New M-PESA balance is KES 15,200."
phishing,"Warning! M-Shwari loan limit decreased. Click here to increase your limit back to KES 30,000."
phishing,You have a pending tax refund. Click here to fill urgent out the form and claim your money.
phishing,"Warning! M-Shwari loan limit decreased. Click here to increase your limit back to KES 30,000."
phishing,Fuliza Limit Warning: Your Fuliza limit will be reduced to 0. Reply with your PIN to prevent this.
legitimate,Just checking in to see how the project is going. Let me know if you need help.
legitimate,Can you please review this code PR when you have a moment?
phishing,Security Alert: We detected unusual login activity on your account. Reset your password immediately.
phishing,Helb Loan disbursement delayed! Kindly click http://helb-portal-login.com to update your bank details immediately.
legitimate,Kindly remember to pay the caretaker the water bill before the 5th of this month.
legitimate,Thanks for reaching out! I'll get back to you as soon as possible.
phishing,URGENT: Your M-Pesa account has been suspended. Click here to verify your identity http://mpesa-verify.duckdns.org/verify?id=2633
legitimate,Just checking in to see how the project is going. Let me know if you need help.
phishing,Your PayPal account is restricted. Please update your billing information within 24 hours.
legitimate,Happy Birthday! Hope you have a wonderful day celebrating.
legitimate,"Hi, I have sent the 2k via M-Pesa. Let me know if you receive it."
legitimate,Can you please review this code PR when you have a moment?
legitimate,"Hey, are we still on for lunch tomorrow? Let me know what time works for you."
phishing,Please review the attached secure document from HR regarding your salary update.
legitimate,I'll be out of the office next week on vacation. Please contact Sarah for urgent issues.
legitimate,Thank you for your recent purchase. Your receipt is attached.
legitimate,KRA: Your tax returns for the year have been filed successfully.
legitimate,Safaricom: Your data bundle is below 10MB. Dial *544# to buy another bundle.
phishing,"KRA Alert: You have a pending tax penalty of KES 5,000. Pay immediately via this link to avoid prosecution: http://kra-penalties.org"
legitimate,Reminder: The tech meetup at iHub starts at 9:00 AM on Saturday.
legitimate,Happy Birthday! Hope you have a wonderful day celebrating.
legitimate,KRA: Your tax returns for the year have been filed successfully.
phishing,"Dear Customer, your Equity Bank account will be blocked today due to lack of KYC update. Click here to update: http://equity-update.com"
phishing,Your PayPal account is restricted. Please update your billing information within 24 hours.
phishing,"KRA Alert: You have a pending tax penalty of KES 5,000. Pay immediately via this link to avoid prosecution: http://kra-penalties.org"
legitimate,Are you available for a quick sync later today?
legitimate,Safaricom: Your data bundle is below 10MB. Dial *544# to buy another bundle.
phishing,URGENT: Your M-Pesa account has been suspended. Click here to verify your identity http://mpesa-verify.duckdns.org/verify?id=1235
legitimate,Safaricom: Your data bundle is below 10MB. Dial *544# to buy another bundle.
phishing,You have won a $1000 Walmart gift urgent card! Claim your prize now at this link.
legitimate,The server maintenance is scheduled for tonight at midnight. Expect brief downtime.
phishing,Your PayPal account is restricted. urgent Please update your billing information within 24 hours.
legitimate,Can you please review this code PR when you have a moment?
phishing,Final Notice: Your invoice #9908 is overdue. Download the attached PDF to view details.
phishing,Your KPLC prepaid meter urgent will be disconnected today. Pay outstanding balance here: http://kplc-payment.net
phishing,Helb Loan disbursement delayed! Kindly click http://helb-portal-login.com to update your bank details immediately.
phishing,"Hustler Fund Alert: Your loan of KES 10,000 has been approved. Pay a registration fee of KES 200 to this till number to receive it."
phishing,Please review the attached secure document from HR regarding your salary update.
phishing,You have a pending tax refund. Click here to fill out the form and claim your money.
legitimate,"Hi team, just a reminder about our meeting at 2 PM today. See you there."
phishing,Final Notice: Your invoice #9753 is overdue. Download the attached PDF to view details.
phishing,"Warning! M-Shwari loan limit decreased. urgent Click here to increase your limit back to KES 30,000."
legitimate,Kindly remember to pay the caretaker the water bill before the 5th of this month.
phishing,Final Notice: Your invoice #2051 is overdue. Download the attached PDF to view details.
phishing,"Warning! M-Shwari loan limit decreased. Click here to increase your limit back to KES 30,000."
phishing,You have won a $1000 Walmart gift card! Claim your prize now at this link.
phishing,Alert: Someone tried to access your bank account from a new device. Secure it now.
legitimate,Are you available for a quick sync later today?
legitimate,KRA: Your tax returns for the year have been filed successfully.
phishing,"Dear customer, your package could not be delivered. Pay the shipping fee here."
legitimate,"Hi team, just a reminder about our meeting at 2 PM today. See you there."
legitimate,Thank you for your recent purchase. Your receipt is attached.
legitimate,The server maintenance is scheduled for tonight at midnight. Expect brief downtime.
phishing,"Warning! M-Shwari loan limit decreased. Click here to increase your limit back to KES 30,000."
phishing,Urgent: Your account has been suspended. Click here to verify your identity.
phishing,Your PayPal account is urgent restricted. Please update your billing information within 24 hours.
phishing,Alert: Someone tried to access your bank account from a new device. Secure it now.
phishing,Exclusive offer! Buy cheap medications online without prescription.
phishing,Please review the attached secure document from HR regarding your salary update.
legitimate,Attached is the report you requested for Q3. Let me know if you need any changes.
phishing,Your Apple ID has been locked for security reasons. Verify your account at the link below. urgent
legitimate,Thanks for reaching out! I'll get back to you as soon as possible.
phishing,You have a pending tax refund. Click here to fill out the form and claim your money.
phishing,Alert: Someone tried to access your bank account from a new device. Secure it now.
legitimate,"Equity Bank: Your salary of KES 45,000 has been deposited to account ending in 4521."
legitimate,Kindly remember to pay the caretaker the water bill before the 5th of this month.
legitimate,Your flight to Chicago is confirmed. Here is your itinerary.
legitimate,Please find the meeting minutes attached for your review.
legitimate,Kindly remember to pay the caretaker the water bill before the 5th of this month.
legitimate,Don't forget to submit your timesheets by Friday afternoon.
phishing,Your Netflix subscription has expired. Update your payment details to continue watching.
legitimate,Reminder: The tech meetup at iHub starts at 9:00 AM on Saturday.
legitimate,I'll be out of the office next week on vacation. Please contact Sarah for urgent issues.
legitimate,"Safaricom: You have received KES 5,000 from John Doe. New M-PESA balance is KES 15,200."
legitimate,Thank you for your recent purchase. Your receipt is attached.
phishing,Fuliza Limit Warning: Your Fuliza limit will be reduced to 0. Reply with your PIN to prevent this.
legitimate,I'll be out of the office next week on vacation. Please contact Sarah for urgent issues.
legitimate,I'll be out of the office next week on vacation. Please contact Sarah for urgent issues.
phishing,"Safaricom: Congratulations! You have won KES 50,000 in the Shinda Mawe promotion. Call 0722000000 to claim."
phishing,Fuliza Limit Warning: Your Fuliza limit will be reduced to 0. Reply with your PIN to prevent this.
phishing,"Dear Customer, your Equity Bank account will be blocked today due to lack of KYC update. Click here to update: http://equity-update.com"
phishing,Urgent: Your account has been suspended. Click here to verify your identity.
phishing,Your Apple ID has been locked for security reasons. Verify your account at the link below.
legitimate,"Hi, I have sent the 2k via M-Pesa. Let me know if you receive it."
phishing,URGENT: Your M-Pesa account has been suspended. Click here to verify your identity http://mpesa-verify.duckdns.org/verify?id=4901
phishing,You have a pending tax refund. Click here to fill out the form and claim your money.
phishing,Alert: Someone tried to access your bank account from a new device. Secure it now. urgent
phishing,Please review the attached secure document from HR regarding your salary update.
legitimate,"Hey, are we still on for lunch tomorrow? Let me know what time works for you."
legitimate,"Hey, are we still on for lunch tomorrow? Let me know what time works for you."
phishing,Security Alert: We urgent detected unusual login activity on your account. Reset your password immediately.
phishing,Your KPLC prepaid meter will be disconnected today. Pay outstanding balance here: http://kplc-payment.net
legitimate,Hello! Let's meet at Java House Kimathi Street at 4 PM for the interview.
phishing,Action Required: Verify your email address to avoid service interruption.
legitimate,"Hi mum, I arrived safely in Nairobi. I'll call you later in the evening."
legitimate,Safaricom: Your data bundle is below 10MB. Dial *544# to buy another bundle.
phishing,Urgent: Your account has been suspended. Click here to verify your identity.
phishing,URGENT: Your M-Pesa account has been suspended. Click here to verify your identity http://mpesa-verify.duckdns.org/verify?id=1856
legitimate,Can you please review this code PR when you have a moment?
legitimate,"Safaricom: You have received KES 5,000 from John Doe. New M-PESA balance is KES 15,200."
phishing,"Hustler Fund Alert: Your loan of KES 10,000 has been approved. Pay a registration fee of KES 200 to this till number to receive it."
phishing,Your Apple ID has been locked for security reasons. Verify your account at the link below.
phishing,Warning: Your mailbox is almost full. Upgrade your storage by clicking urgent the link.
legitimate,Your KPLC Token is 1234 5678 9012 3456 7890. Amount: KES 1000. Units: 45.2
legitimate,Thanks for reaching out! I'll get back to you as soon as possible.
phishing,URGENT: Your M-Pesa account has been suspended. Click here to verify your identity http://mpesa-verify.duckdns.org/verify?id=3365
phishing,Please review the attached secure urgent document from HR regarding your salary update.
legitimate,Thanks for reaching out! I'll get back to you as soon as possible.
legitimate,Thank you for your recent purchase. Your receipt is attached.
legitimate,Happy Birthday! Hope you have a wonderful day celebrating.
legitimate,Your KPLC Token is 1234 5678 9012 3456 7890. Amount: KES 1000. Units: 45.2
legitimate,Please find the meeting minutes attached for your review.
legitimate,"Safaricom: You have received KES 5,000 from John Doe. New M-PESA balance is KES 15,200."
phishing,Your Apple ID has been locked for security reasons. Verify your account at the link below.
phishing,Exclusive offer! Buy cheap medications online without prescription.
phishing,"Warning! M-Shwari loan limit decreased. Click here to increase your limit back to KES 30,000."
legitimate,"Hi mum, I arrived safely in Nairobi. I'll call you later in the evening."
phishing,Security Alert: We detected unusual login activity on your account. Reset your password immediately.
legitimate,I'll be out of the office next week on vacation. Please contact Sarah for urgent issues.
phishing,Action Required: Verify your email address to avoid service interruption.
phishing,"Dear customer, your package could not be delivered. Pay the shipping fee here."
phishing,You have a pending tax refund. Click here to fill out urgent the form and claim your money.
legitimate,"Hey, are we still on for lunch tomorrow? Let me know what time works for you."
phishing,"Dear Customer, your Equity Bank account will be blocked today due to lack of KYC update. Click here to update: http://equity-update.com"
legitimate,"Hi team, just a reminder about our meeting at 2 PM today. See you there."
phishing,Fuliza Limit Warning: Your Fuliza limit will be reduced to 0. Reply with your PIN to prevent this.
phishing,Your Apple ID has been locked for security reasons. Verify your account at the link below.
legitimate,Your flight to Chicago is confirmed. Here is your itinerary.
legitimate,Hello! Let's meet at Java House Kimathi Street at 4 PM for the interview.
legitimate,"Equity Bank: Your salary of KES 45,000 has been deposited to account ending in 4521."
phishing,"Dear Parent, this is your child's teacher. Please send 2000 bob for an urgent school trip to this number: 0712345678"
phishing,"Dear Customer, your Equity Bank account will be blocked today due to lack of KYC update. Click here to update: http://equity-update.com"
legitimate,"Equity Bank: Your salary of KES 45,000 has been deposited to account ending in 4521."
phishing,"Dear customer, your package could not be delivered. Pay the shipping fee here."
phishing,Alert: Someone tried to access your bank account from a new device. Secure it now.
phishing,"Dear customer, your package could not be delivered. Pay the shipping fee here."
phishing,Action Required: Verify your email address to avoid service interruption.
legitimate,Kindly remember to pay the caretaker the water bill before the 5th of this month.
phishing,Your Apple ID has been locked for security reasons. Verify your account at the link below.
legitimate,KRA: Your tax returns for the year have been filed successfully.
phishing,"Dear Customer, your Equity Bank account will be blocked today due urgent to lack of KYC update. Click here to update: http://equity-update.com"
legitimate,Just checking in to see how the project is going. Let me know if you need help.
phishing,Final Notice: Your invoice #1267 is overdue. Download the attached PDF to view details.
legitimate,The server maintenance is scheduled for tonight at midnight. Expect brief downtime.
legitimate,"Hi team, just a reminder about our meeting at 2 PM today. See you there."
phishing,You have won a $1000 Walmart gift card! Claim your prize now at this link.
phishing,Helb Loan disbursement delayed! Kindly click http://helb-portal-login.com to update your bank details immediately.
legitimate,Hello! Let's meet at Java House Kimathi Street at 4 PM for the interview.
legitimate,"Hi team, just a reminder about our meeting at 2 PM today. See you there."
legitimate,Your flight to Chicago is confirmed. Here is your itinerary.
phishing,Action Required: Verify your email address to avoid service interruption.
phishing,Fuliza Limit Warning: Your Fuliza limit will be reduced to 0. Reply with your urgent PIN to prevent this.
legitimate,Safaricom: Your data bundle is below 10MB. Dial *544# to buy another bundle.
phishing,You have won a $1000 Walmart gift card! Claim your prize now at this link.
phishing,"Warning! M-Shwari loan limit decreased. Click here to increase your limit back to KES 30,000."
legitimate,"Equity Bank: Your salary of KES 45,000 has been deposited to account ending in 4521."
legitimate,Don't forget to submit your timesheets by Friday afternoon.
legitimate,Your flight to Chicago is confirmed. Here is your itinerary.
phishing,Helb Loan disbursement delayed! Kindly click http://helb-portal-login.com to update your bank details immediately.
legitimate,Just checking in to see how the project is going. Let me know if you need help.
legitimate,Your Amazon order #7126 has shipped and will arrive by tomorrow.
phishing,Please review the attached secure document from HR regarding your salary update.
legitimate,Don't forget to submit your timesheets by Friday afternoon.
legitimate,"Hi team, just a reminder about our meeting at 2 PM today. See you there."
legitimate,Happy Birthday! Hope you have a wonderful day celebrating.
phishing,Helb Loan disbursement delayed! Kindly click urgent http://helb-portal-login.com to update your bank details immediately.
phishing,Your PayPal account is restricted. Please update your billing information within 24 hours.
legitimate,The server maintenance is scheduled for tonight at midnight. Expect brief downtime.
phishing,URGENT: Your M-Pesa account has been suspended. Click here to verify your identity http://mpesa-verify.duckdns.org/verify?id=8277
legitimate,Just checking in to see how the project is going. Let me know if you need help.
legitimate,Thank you for your recent purchase. Your receipt is attached.
phishing,Please review the attached secure document from HR regarding your salary update.
legitimate,Hello! Let's meet at Java House Kimathi Street at 4 PM for the interview.
legitimate,"Hi mum, I arrived safely in Nairobi. I'll call you later in the evening."
legitimate,KRA: Your tax returns for the year have been filed successfully.
legitimate,Safaricom: Your data bundle is below 10MB. Dial *544# to buy another bundle.
phishing,Final Notice: Your invoice #2858 is overdue. Download the attached PDF to view details.
legitimate,Happy Birthday! Hope you have a wonderful day celebrating.
phishing,"Safaricom: Congratulations! You have won KES 50,000 in the Shinda Mawe promotion. Call 0722000000 to claim."
phishing,You have a pending tax refund. Click here to fill out the form and claim your money.
legitimate,Safaricom: Your data bundle is below 10MB. Dial *544# to buy another bundle.
phishing,"Hustler Fund Alert: Your loan of KES 10,000 has been approved. Pay a registration fee of KES 200 to this till number to receive it."
phishing,"Hustler Fund Alert: Your loan of KES 10,000 has been approved. Pay a registration fee of KES 200 to this till number to receive it."
phishing,"Dear Customer, your Equity Bank account will be blocked today due to lack of KYC update. Click here to update: http://equity-update.com"
legitimate,Don't forget to submit your timesheets by Friday afternoon.
phishing,Helb Loan disbursement delayed! Kindly click http://helb-portal-login.com to update your bank details immediately.
phishing,Your PayPal account is restricted. Please update your billing information within 24 hours.
legitimate,Thanks for reaching out! I'll get back to you as soon as possible.
phishing,"Hustler Fund Alert: Your loan of KES 10,000 has been approved. Pay a registration fee of KES 200 to this till number to receive it."
phishing,"Dear Parent, this is your child's teacher. Please send 2000 bob for an urgent school trip to urgent this number: 0712345678"
legitimate,Thank you for your recent purchase. Your receipt is attached.
phishing,"Dear Customer, your Equity Bank urgent account will be blocked today due to lack of KYC update. Click here to update: http://equity-update.com"
legitimate,"Hey, are we still on for lunch tomorrow? Let me know what time works for you."
legitimate,Your flight to Chicago is confirmed. Here is your itinerary.
legitimate,Are you available for a quick sync later today?
phishing,"Warning! M-Shwari loan limit decreased. Click here to increase your limit back to KES 30,000."
phishing,Alert: Someone tried to access your bank account from a new device. Secure it now.
phishing,Alert: Someone tried to access your bank account from a new device. Secure it now.
legitimate,Your flight to Chicago is confirmed. Here is your itinerary.
legitimate,Are you available for a quick sync later today?
legitimate,Hello! Let's meet at Java House Kimathi Street at 4 PM for the interview.
legitimate,I'll be out of the office next week on vacation. Please contact Sarah for urgent issues.
phishing,Action Required: Verify your email address to avoid service interruption.
phishing,Final Notice: Your invoice #8808 is overdue. Download the attached PDF to view details.
phishing,Action Required: Verify your email address to avoid service urgent interruption.
legitimate,Hello! Let's meet at Java House Kimathi Street at 4 PM for the interview.
phishing,Helb Loan disbursement delayed! Kindly click http://helb-portal-login.com to update your bank details immediately.
legitimate,Thanks for reaching out! I'll get back to you as soon as possible.
phishing,Urgent: Your account has been suspended. Click here to verify your identity.
legitimate,Are you available for a quick sync later today?
phishing,Urgent: Your account has been suspended. Click here to verify your identity.
legitimate,KRA: Your tax returns for the year have been filed successfully.
phishing,Security Alert: We detected unusual login activity on your account. Reset your password immediately.
phishing,Your PayPal account is restricted. Please update your billing information within 24 hours.
phishing,Exclusive offer! Buy cheap medications online without prescription.
phishing,URGENT: Your M-Pesa account has been suspended. Click here to verify your identity http://mpesa-verify.duckdns.org/verify?id=9176
legitimate,The server maintenance is scheduled for tonight at midnight. Expect brief downtime.
legitimate,Reminder: The tech meetup at iHub starts at 9:00 AM on Saturday.
phishing,Security Alert: We detected unusual login activity on your account. Reset your password immediately.
phishing,URGENT: Your M-Pesa account has been suspended. Click here to verify your identity http://mpesa-verify.duckdns.org/verify?id=4126
legitimate,Your Amazon order #8714 has shipped and will arrive by tomorrow.
legitimate,Don't forget to submit your timesheets by Friday afternoon.
legitimate,Please find the meeting minutes attached for your review.
phishing,"KRA Alert: You have a pending tax penalty of KES 5,000. Pay immediately via this link to avoid prosecution: http://kra-penalties.org"
phishing,URGENT: Your M-Pesa account has been suspended. Click here to verify your identity http://mpesa-verify.duckdns.org/verify?id=3442
legitimate,Can you please review this code PR when you have a moment?
phishing,"Hustler Fund Alert: Your loan of KES 10,000 has been approved. Pay a registration fee of KES 200 to this till number to receive it."
legitimate,Please find the meeting minutes attached for your review.
legitimate,Reminder: The tech meetup at iHub starts at 9:00 AM on Saturday.
legitimate,Safaricom: Your data bundle is below 10MB. Dial *544# to buy another bundle.
phishing,"Dear Parent, this is your child's teacher. Please send 2000 bob for an urgent school trip to this number: 0712345678"
phishing,"Safaricom: Congratulations! You have won KES 50,000 in the Shinda Mawe promotion. Call 0722000000 to claim."
phishing,Please review the attached secure document from HR regarding your salary update.
legitimate,Are you available for a quick sync later today?
legitimate,"Hi mum, I arrived safely in Nairobi. I'll call you later in the evening."
phishing,You have a pending tax refund. Click here to fill out the form and claim your money.
phishing,"Safaricom: Congratulations! You have won KES 50,000 in the Shinda Mawe promotion. Call 0722000000 to claim."
phishing,urgent You have won a $1000 Walmart gift card! Claim your prize now at this link.
phishing,Your KPLC prepaid meter will be disconnected today. Pay outstanding balance here: http://kplc-payment.net
legitimate,Thank you for your recent purchase. Your receipt is attached.
phishing,You have a pending tax refund. Click here to fill out the form and claim your money.
phishing,Please review the attached secure document from HR regarding your salary update.
phishing,"Dear Customer, your Equity Bank account urgent will be blocked today due to lack of KYC update. Click here to update: http://equity-update.com"
phishing,Final Notice: Your invoice #8959 is overdue. Download the attached PDF to view details.
phishing,"Dear customer, your package could not be delivered. Pay the shipping fee here."
legitimate,Don't forget to submit your timesheets by Friday afternoon.
legitimate,Reminder: The tech meetup at iHub starts at 9:00 AM on Saturday.
legitimate,"Safaricom: You have received KES 5,000 from John Doe. New M-PESA balance is KES 15,200."
phishing,You have won a $1000 Walmart gift card! Claim your prize now at this link.
legitimate,"Hi team, just a reminder about our meeting at 2 PM today. See you there."
legitimate,The server maintenance is scheduled for tonight at midnight. Expect brief downtime.
legitimate,Please find the meeting minutes attached for your review.
legitimate,Hello! Let's meet at Java House Kimathi Street at 4 PM for the interview.
legitimate,KRA: Your tax returns for the year have been filed successfully.
legitimate,KRA: Your tax returns for the year have been filed successfully.
phishing,Congratulations! You are our lucky winner today. Click here to claim your reward.
phishing,URGENT: Your M-Pesa account has been suspended. Click here to verify your identity http://mpesa-verify.duckdns.org/verify?id=7004
legitimate,Hello! Let's meet at Java House Kimathi Street at 4 PM for the interview.
phishing,Fuliza Limit Warning: Your Fuliza limit will be reduced to 0. Reply with your PIN to prevent this.
phishing,You have won a $1000 Walmart gift card! Claim your prize now at this link.
phishing,Your Netflix subscription has expired. Update your payment details to continue watching.
phishing,Warning: Your mailbox is almost full. Upgrade your storage by clicking the link.
legitimate,Your KPLC Token is 1234 5678 9012 3456 7890. Amount: KES 1000. Units: 45.2
phishing,Congratulations! You are our lucky winner today. urgent Click here to claim your reward.
phishing,"Dear customer, your package could not be delivered. Pay the shipping fee here."
legitimate,"Safaricom: You have received KES 5,000 from John Doe. New M-PESA balance is KES 15,200."
phishing,Your Apple ID has been locked for security reasons. Verify your account at the link below.
phishing,"Dear customer, your package could not be delivered. Pay the shipping fee here."
phishing,Your Apple ID has been locked for security reasons. Verify your account at the link below.
legitimate,Just checking in to see how the project is going. Let me know if you need help.
legitimate,"Hi mum, I arrived safely in Nairobi. I'll call you later in the evening."
phishing,You have a pending tax refund. Click here to fill out the form and claim your money.
legitimate,Happy Birthday! Hope you have a wonderful day celebrating.
phishing,"Warning! M-Shwari loan limit decreased. Click here to increase your limit back to KES 30,000."
legitimate,"Hi, I have sent the 2k via M-Pesa. Let me know if you receive it."
phishing,Your PayPal account is restricted. urgent Please update your billing information within 24 hours.
phishing,Helb Loan disbursement delayed! Kindly click http://helb-portal-login.com to update your bank details immediately.
phishing,"Safaricom: Congratulations! You have won KES 50,000 in the Shinda Mawe promotion. Call 0722000000 to claim."
phishing,"Dear Customer, your Equity Bank account will be blocked today due to lack of KYC update. Click here to update: http://equity-update.com"
phishing,URGENT: Your M-Pesa account has been suspended. Click here to verify your identity http://mpesa-verify.duckdns.org/verify?id=7905
phishing,"Dear customer, your package could not be delivered. Pay the shipping fee here."
phishing,Exclusive offer! Buy cheap medications online without prescription.
legitimate,KRA: Your tax returns for the year have been filed successfully.
phishing,Exclusive offer! Buy cheap medications online without prescription.
legitimate,"Hey, are we still on for lunch tomorrow? Let me know what time works for you."
legitimate,Reminder: The tech meetup at iHub starts at 9:00 AM on Saturday.
phishing,"Dear customer, your package could not be delivered. Pay the shipping fee here."
legitimate,Reminder: The tech meetup at iHub starts at 9:00 AM on Saturday.
legitimate,Please find the meeting minutes attached for your review.
phishing,Congratulations! You are our lucky winner today. Click here to claim your reward.
phishing,Fuliza Limit Warning: Your Fuliza limit will be reduced to 0. Reply with your PIN to prevent this.
phishing,Your PayPal account is restricted. Please update your billing information within 24 hours.
legitimate,Hello! Let's meet at Java House Kimathi Street at 4 PM for the interview.
legitimate,"Equity Bank: Your salary of KES 45,000 has been deposited to account ending in 4521."
phishing,URGENT: Your M-Pesa account has been suspended. Click here to verify your identity http://mpesa-verify.duckdns.org/verify?id=8715
phishing,Warning: Your mailbox is almost full. Upgrade your storage by clicking the link.
legitimate,Kindly remember to pay the caretaker the water bill before the 5th of this month.
phishing,"Warning! M-Shwari loan limit decreased. Click here to increase your limit urgent back to KES 30,000."
phishing,"Dear Parent, this is your child's teacher. Please send 2000 bob for an urgent school trip to this number: 0712345678"
phishing,Urgent: Your account urgent has been suspended. Click here to verify your identity.
legitimate,Are you available for a quick sync later today?
legitimate,KRA: Your tax returns for the year have been filed successfully.
legitimate,KRA: Your tax returns for the year have been filed successfully.
phishing,"Dear Customer, your Equity Bank account will be blocked today due to lack of KYC update. Click here to update: http://equity-update.com"
legitimate,Safaricom: Your data bundle is below 10MB. Dial *544# to buy another bundle.
phishing,"KRA Alert: You have a pending tax penalty of KES 5,000. Pay immediately via this link to avoid prosecution: http://kra-penalties.org"
phishing,Warning: Your mailbox is almost full. Upgrade your storage by clicking the link.
phishing,You have a pending tax urgent refund. Click here to fill out the form and claim your money.
phishing,Please review the attached secure document from HR regarding your salary update.
legitimate,"Hi, I have sent the 2k via M-Pesa. Let me know if you receive it."
phishing,"KRA Alert: You have a pending tax penalty of KES 5,000. Pay immediately via this link to avoid prosecution: http://kra-penalties.org"
phishing,Please review the attached secure document from HR regarding your salary update.
phishing,Fuliza Limit Warning: Your Fuliza limit will be reduced to 0. Reply with your PIN to urgent prevent this.
phishing,Urgent: Your account has been suspended. Click here to verify your identity.
legitimate,Reminder: The tech meetup at iHub starts at 9:00 AM on Saturday.
phishing,urgent Exclusive offer! Buy cheap medications online without prescription.
phishing,Your KPLC prepaid meter will be disconnected today. Pay outstanding balance here: http://kplc-payment.net
legitimate,Thanks for reaching out! I'll get back to you as soon as possible.
phishing,Fuliza Limit Warning: Your Fuliza limit will be reduced to 0. Reply with your PIN to prevent this.
legitimate,Your flight to Chicago is confirmed. Here is your itinerary.
legitimate,"Hey, are we still on for lunch tomorrow? Let me know what time works for you."
phishing,Your KPLC prepaid meter will be disconnected today. Pay outstanding balance here: http://kplc-payment.net
legitimate,"Hey, are we still on for lunch tomorrow? Let me know what time works for you."
legitimate,"Safaricom: You have received KES 5,000 from John Doe. New M-PESA balance is KES 15,200."
phishing,Action Required: urgent Verify your email address to avoid service interruption.
phishing,"Dear Customer, your Equity Bank account will be blocked today due to lack of KYC update. Click here to update: http://equity-update.com"
legitimate,Hello! Let's meet at Java House Kimathi Street at 4 PM for the interview.
phishing,Warning: Your mailbox is almost urgent full. Upgrade your storage by clicking the link.
legitimate,I'll be out of the office next week on vacation. Please contact Sarah for urgent issues.
phishing,Your PayPal account is restricted. Please update your billing information within 24 hours.
phishing,Helb Loan disbursement delayed! Kindly click urgent http://helb-portal-login.com to update your bank details immediately.
phishing,Urgent: Your account has been suspended. Click here to verify your identity.
legitimate,"Hi, I have sent the 2k via M-Pesa. Let me know if you receive it."
phishing,Helb Loan disbursement delayed! Kindly click http://helb-portal-login.com to update your bank details immediately.
legitimate,Your flight to Chicago is confirmed. Here is your itinerary.
legitimate,Happy Birthday! Hope you have a wonderful day celebrating.
phishing,Urgent: Your account has been suspended. Click here to verify your identity.
legitimate,Happy Birthday! Hope you have a wonderful day celebrating.
phishing,Urgent: Your account has been suspended. Click here to verify your identity.
legitimate,"Safaricom: You have received KES 5,000 from John Doe. New M-PESA balance is KES 15,200."
phishing,You have a pending tax refund. Click here to fill out the form and claim your urgent money.
legitimate,Your KPLC Token is 1234 5678 9012 3456 7890. Amount: KES 1000. Units: 45.2
legitimate,Your Amazon order #6440 has shipped and will arrive by tomorrow.
legitimate,Can you please review this code PR when you have a moment?
legitimate,Thanks for reaching out! I'll get back to you as soon as possible.
legitimate,Attached is the report you requested for Q3. Let me know if you need any changes.
phishing,"Dear customer, your package could not be delivered. Pay urgent the shipping fee here."
phishing,URGENT: Your M-Pesa account has been suspended. Click here to verify your identity http://mpesa-verify.duckdns.org/verify?id=1639
legitimate,The server maintenance is scheduled for tonight at midnight. Expect brief downtime.
legitimate,"Hi mum, I arrived safely in Nairobi. I'll call you later in the evening."
phishing,Your Netflix subscription has expired. Update your payment details to continue watching.
legitimate,Happy Birthday! Hope you have a wonderful day celebrating.
phishing,You have won a $1000 Walmart gift card! Claim your prize now at this link.
legitimate,Safaricom: Your data bundle is below 10MB. Dial *544# to buy another bundle.
legitimate,Just checking in to see how the project is going. Let me know if you need help.
legitimate,"Hi team, just a reminder about our meeting at 2 PM today. See you there."
phishing,"KRA Alert: You have a pending tax penalty of KES 5,000. Pay immediately via this link to avoid prosecution: http://kra-penalties.org"
legitimate,The server maintenance is scheduled for tonight at midnight. Expect brief downtime.
legitimate,"Hey, are we still on for lunch tomorrow? Let me know what time works for you."
legitimate,Your flight to Chicago is confirmed. Here is your itinerary.
legitimate,Thank you for your recent purchase. Your receipt is attached.
legitimate,I'll be out of the office next week on vacation. Please contact Sarah for urgent issues.
legitimate,Are you available for a quick sync later today?
legitimate,Your flight to Chicago is confirmed. Here is your itinerary.
phishing,Your PayPal account is restricted. Please update your billing information within 24 hours.
phishing,Fuliza Limit Warning: Your Fuliza limit will be reduced to 0. Reply with your PIN to prevent this.
phishing,Security Alert: We detected unusual login activity on your account. Reset your password immediately.
phishing,Final Notice: Your invoice #5930 is overdue. Download the attached PDF to view details.
legitimate,Hello! Let's meet at Java House Kimathi Street at 4 PM for the interview.
legitimate,KRA: Your tax returns for the year have been filed successfully.
legitimate,Happy Birthday! Hope you have a wonderful day celebrating.
phishing,"Hustler Fund Alert: Your loan of KES 10,000 has been approved. Pay a registration fee of KES 200 to this till number to receive it."
phishing,You have won a $1000 Walmart gift card! Claim your prize now at this link.
phishing,Alert: Someone tried to access your bank account from a new device. Secure it now.
legitimate,Your Amazon order #1783 has shipped and will arrive by tomorrow.
legitimate,Don't forget to submit your timesheets by Friday afternoon.
legitimate,Safaricom: Your data bundle is below 10MB. Dial *544# to buy another bundle.
legitimate,"Hi mum, I arrived safely in Nairobi. I'll call you later in the evening."
phishing,"Dear customer, your package could not be delivered. Pay the shipping fee here."
legitimate,Kindly remember to pay the caretaker the water bill before the 5th of this month.
legitimate,Don't forget to submit your timesheets by Friday afternoon.
legitimate,Are you available for a quick sync later today?
phishing,"Hustler Fund Alert: Your loan of KES 10,000 has been approved. Pay a registration fee urgent of KES 200 to this till number to receive it."
legitimate,Thank you for your recent purchase. Your receipt is attached.
phishing,Security Alert: We detected unusual login activity on your account. Reset your password immediately.
legitimate,Thank you for your recent purchase. Your receipt is attached.
phishing,Urgent: Your account has been suspended. Click here to verify your identity.
legitimate,Thanks for reaching out! I'll get back to you as soon as possible.
legitimate,Thank you for your recent purchase. Your receipt is attached.
phishing,urgent Final Notice: Your invoice #1963 is overdue. Download the attached PDF to view details.
legitimate,Happy Birthday! Hope you have a wonderful day celebrating.
phishing,Your Netflix subscription has expired. Update your payment details to continue watching.
legitimate,Your KPLC Token is 1234 5678 9012 3456 7890. Amount: KES 1000. Units: 45.2
legitimate,Your flight to Chicago is confirmed. Here is your itinerary.
phishing,Your Apple ID has been locked for security reasons. Verify your account at the link below.
phishing,"Dear customer, your package could not be delivered. Pay the shipping fee here."
phishing,"Dear customer, your package could not be delivered. Pay the shipping fee here."
phishing,Your Netflix subscription has expired. Update your payment details to continue watching.
phishing,"Dear Customer, your Equity Bank account will be blocked today due to lack of KYC update. Click here to update: http://equity-update.com"
legitimate,I'll be out of the office next week on vacation. Please contact Sarah for urgent issues.
legitimate,Your KPLC Token is 1234 5678 9012 3456 7890. Amount: KES 1000. Units: 45.2
phishing,Alert: Someone tried to access your bank urgent account from a new device. Secure it now.
phishing,Your Apple ID has been locked for security reasons. Verify your account at the link below.
legitimate,Attached is the report you requested for Q3. Let me know if you need any changes.
legitimate,Hello! Let's meet at Java House Kimathi Street at 4 PM for the interview.
legitimate,Your flight to Chicago is confirmed. Here is your itinerary.
phishing,Please review the attached secure document from HR urgent regarding your salary update.
phishing,URGENT: Your M-Pesa account has been suspended. Click here to verify your identity http://mpesa-verify.duckdns.org/verify?id=4530
phishing,"Dear customer, your package could not be delivered. Pay the shipping fee here."
legitimate,"Hi mum, I arrived safely in Nairobi. I'll call you later in the evening."
legitimate,Thank you for your recent purchase. Your receipt is attached.
phishing,Alert: Someone tried to access your bank account from a new device. Secure it now.
legitimate,Just checking in to see how the project is going. Let me know if you need help.
phishing,"Safaricom: Congratulations! You have won KES 50,000 in the Shinda Mawe promotion. Call 0722000000 to claim."
legitimate,KRA: Your tax returns for the year have been filed successfully.
legitimate,"Hi, I have sent the 2k via M-Pesa. Let me know if you receive it."
phishing,"Safaricom: Congratulations! You have won KES 50,000 in the Shinda Mawe promotion. Call urgent 0722000000 to claim."
legitimate,Just checking in to see how the project is going. Let me know if you need help.
legitimate,Your KPLC Token is 1234 5678 9012 3456 7890. Amount: KES 1000. Units: 45.2
legitimate,"Hey, are we still on for lunch tomorrow? Let me know what time works for you."
phishing,Fuliza Limit Warning: Your Fuliza limit will be reduced to 0. Reply with your PIN to prevent this.
phishing,"Safaricom: Congratulations! You have won KES 50,000 in the Shinda Mawe promotion. Call 0722000000 to claim."
legitimate,Hello! Let's meet at Java House Kimathi Street at 4 PM for the interview.
legitimate,Reminder: The tech meetup at iHub starts at 9:00 AM on Saturday.
phishing,Security Alert: We detected unusual login activity on your account. Reset your password immediately.
phishing,Exclusive offer! Buy cheap medications online without prescription.
legitimate,Please find the meeting minutes attached for your review.
phishing,Fuliza Limit Warning: Your Fuliza limit will be reduced to 0. Reply with your PIN to prevent this.
phishing,"Hustler Fund Alert: Your loan of KES 10,000 has been approved. Pay a registration fee of KES 200 to this till number to receive it."
phishing,Your PayPal account is restricted. Please update your billing information within 24 hours.
legitimate,Please find the meeting minutes attached for your review.
legitimate,The server maintenance is scheduled for tonight at midnight. Expect brief downtime.
phishing,Helb Loan disbursement delayed! Kindly click http://helb-portal-login.com to update your bank details immediately.
phishing,Please review the attached secure document from HR regarding your salary update.
legitimate,"Hi, I have sent the 2k via M-Pesa. Let me know if you receive it."
legitimate,Thanks for reaching out! I'll get back to you as soon as possible.
legitimate,"Hi, I have sent the 2k via M-Pesa. Let me know if you receive it."
legitimate,"Equity Bank: Your salary of KES 45,000 has been deposited to account ending in 4521."
legitimate,Your Amazon order #3909 has shipped and will arrive by tomorrow.
legitimate,"Hi mum, I arrived safely in Nairobi. I'll call you later in the evening."
legitimate,Your flight to Chicago is confirmed. Here is your itinerary.
legitimate,Just checking in to see how the project is going. Let me know if you need help.
phishing,"KRA Alert: You have a pending tax penalty of KES 5,000. Pay immediately via this link to avoid prosecution: http://kra-penalties.org"
legitimate,Your Amazon order #2158 has shipped and will arrive by tomorrow.
legitimate,Thanks for reaching out! I'll get back to you as soon as possible.
legitimate,Thank you for your recent purchase. Your receipt is attached.
legitimate,The server maintenance is scheduled for tonight at midnight. Expect brief downtime.
phishing,Warning: Your mailbox is almost full. Upgrade your storage by clicking the link.
legitimate,Your flight to Chicago is confirmed. Here is your itinerary.
legitimate,Happy Birthday! Hope you have a wonderful day celebrating.
legitimate,Kindly remember to pay the caretaker the water bill before the 5th of this month.
phishing,Warning: Your mailbox is almost full. Upgrade your storage by clicking the link.
phishing,Fuliza Limit Warning: Your Fuliza limit will be reduced to 0. Reply with your PIN to prevent this.
legitimate,"Safaricom: You have received KES 5,000 from John Doe. New M-PESA balance is KES 15,200."
legitimate,Are you available for a quick sync later today?
legitimate,Your KPLC Token is 1234 5678 9012 3456 7890. Amount: KES 1000. Units: 45.2
legitimate,Kindly remember to pay the caretaker the water bill before the 5th of this month.
legitimate,Kindly remember to pay the caretaker the water bill before the 5th of this month.
phishing,"Warning! M-Shwari loan limit decreased. Click here to increase your limit back to KES 30,000."
legitimate,Your KPLC Token is 1234 5678 9012 3456 7890. Amount: KES 1000. Units: 45.2
legitimate,I'll be out of the office next week on vacation. Please contact Sarah for urgent issues.
legitimate,KRA: Your tax returns for the year have been filed successfully.
legitimate,Please find the meeting minutes attached for your review.
legitimate,"Equity Bank: Your salary of KES 45,000 has been deposited to account ending in 4521."
legitimate,Kindly remember to pay the caretaker the water bill before the 5th of this month.
legitimate,Can you please review this code PR when you have a moment?
legitimate,Safaricom: Your data bundle is below 10MB. Dial *544# to buy another bundle.
phishing,You have a pending tax refund. Click here to fill out the form and claim your money.
legitimate,Just checking in to see how the project is going. Let me know if you need help.
phishing,Action Required: Verify your email address to avoid service interruption.
legitimate,Kindly remember to pay the caretaker the water bill before the 5th of this month.
phishing,Action Required: Verify your email address to avoid service interruption.
phishing,"Safaricom: Congratulations! You have won KES 50,000 in the Shinda Mawe promotion. Call 0722000000 to claim."
legitimate,Attached is the report you requested for Q3. Let me know if you need any changes.
phishing,Your KPLC prepaid meter will be disconnected today. Pay outstanding balance here: http://kplc-payment.net
phishing,Your KPLC prepaid meter will be disconnected today. Pay outstanding balance here: http://kplc-payment.net
legitimate,"Hi mum, I arrived safely in Nairobi. I'll call you later in the evening."
phishing,"Dear Customer, your Equity Bank account will be blocked today due to lack of KYC update. Click here to update: http://equity-update.com"
phishing,Action Required: Verify your email address to avoid service interruption.
phishing,Congratulations! You are our lucky winner today. Click here to claim your reward.
legitimate,"Equity Bank: Your salary of KES 45,000 has been deposited to account ending in 4521."
legitimate,Hello! Let's meet at Java House Kimathi Street at 4 PM for the interview.
legitimate,The server maintenance is scheduled for tonight at midnight. Expect brief downtime.
phishing,Security Alert: We detected unusual login activity on your account. Reset your password immediately.
legitimate,Reminder: The tech meetup at iHub starts at 9:00 AM on Saturday.
phishing,"Hustler Fund Alert: Your loan of KES 10,000 has been approved. Pay a registration fee of KES 200 to this till number to receive it."
legitimate,Your flight to Chicago is confirmed. Here is your itinerary.
legitimate,Just checking in to see how the project is going. Let me know if you need help.
phishing,Alert: Someone tried to access your bank account from a new device. Secure it now.
phishing,URGENT: Your M-Pesa account urgent has been suspended. Click here to verify your identity http://mpesa-verify.duckdns.org/verify?id=4292
legitimate,Just checking in to see how the project is going. Let me know if you need help.
legitimate,Your flight to Chicago is confirmed. Here is your itinerary.
legitimate,Hello! Let's meet at Java House Kimathi Street at 4 PM for the interview.
phishing,Your Netflix subscription has expired. Update your payment details to continue watching.
legitimate,"Hi team, just a reminder about our meeting at 2 PM today. See you there."
phishing,Warning: Your mailbox is urgent almost full. Upgrade your storage by clicking the link.
phishing,Congratulations! You are our lucky winner today. Click here to claim your reward.
legitimate,Can you please review this code PR when you have a moment?
legitimate,KRA: Your tax returns for the year have been filed successfully.
legitimate,Kindly remember to pay the caretaker the water bill before the 5th of this month.
phishing,"Dear Customer, your Equity Bank account will be blocked today due to lack of KYC update. Click here to update: http://equity-update.com"
phishing,Your Apple ID has been locked for security reasons. Verify your account at the link below.
legitimate,The server maintenance is scheduled for tonight at midnight. Expect brief downtime.
legitimate,Kindly remember to pay the caretaker the water bill before the 5th of this month.
legitimate,Please find the meeting minutes attached for your review.
legitimate,Safaricom: Your data bundle is below 10MB. Dial *544# to buy another bundle.
legitimate,Are you available for a quick sync later today?
legitimate,Your flight to Chicago is confirmed. Here is your itinerary.
legitimate,Are you available for a quick sync later today?
legitimate,"Hi team, just a reminder about our meeting at 2 PM today. See you there."
phishing,"Hustler Fund Alert: Your loan of KES 10,000 has been approved. Pay a registration fee of KES 200 to this till number to receive it."
legitimate,Are you available for a quick sync later today?
legitimate,Can you please review this code PR when you have a moment?
phishing,You have won a $1000 Walmart gift card! Claim your prize now at this link.
legitimate,"Equity Bank: Your salary of KES 45,000 has been deposited to account ending in 4521."
phishing,Alert: Someone tried to access your bank account from a new device. Secure it now.
phishing,Your Netflix subscription has expired. Update your payment details to continue watching.
legitimate,Hello! Let's meet at Java House Kimathi Street at 4 PM for the interview.
legitimate,"Hi, I have sent the 2k via M-Pesa. Let me know if you receive it."
legitimate,Don't forget to submit your timesheets by Friday afternoon.
phishing,Helb Loan disbursement delayed! Kindly click http://helb-portal-login.com to update your bank urgent details immediately.
legitimate,"Safaricom: You have received KES 5,000 from John Doe. New M-PESA balance is KES 15,200."
legitimate,Please find the meeting minutes attached for your review.
legitimate,Thanks for reaching out! I'll get back to you as soon as possible.
legitimate,KRA: Your tax returns for the year have been filed successfully.
legitimate,"Equity Bank: Your salary of KES 45,000 has been deposited to account ending in 4521."
legitimate,"Safaricom: You have received KES 5,000 from John Doe. New M-PESA balance is KES 15,200."
phishing,"KRA Alert: You have a pending tax penalty of KES 5,000. Pay immediately via this link to avoid prosecution: http://kra-penalties.org"
legitimate,Don't forget to submit your timesheets by Friday afternoon.
phishing,Your Netflix subscription has expired. Update your payment details to continue watching.
phishing,Urgent: Your account has been suspended. Click here to verify your identity.
legitimate,"Hey, are we still on for lunch tomorrow? Let me know what time works for you."
phishing,Action Required: Verify your email address to avoid service interruption.
legitimate,"Hey, are we still on for lunch tomorrow? Let me know what time works for you."
phishing,Warning: Your mailbox is almost full. Upgrade your storage by clicking the link.
phishing,Your KPLC prepaid meter will be disconnected today. Pay outstanding balance here: http://kplc-payment.net
phishing,Please review the attached secure document from HR regarding your salary update.
phishing,Your Netflix subscription has expired. Update your payment details to continue watching.
legitimate,Your KPLC Token is 1234 5678 9012 3456 7890. Amount: KES 1000. Units: 45.2
phishing,You have a pending tax refund. Click here to fill out the form and claim your money.
phishing,URGENT: Your M-Pesa account has been suspended. Click here to verify your urgent identity http://mpesa-verify.duckdns.org/verify?id=8090
phishing,"KRA Alert: You have a pending tax penalty of KES 5,000. Pay immediately via this link to avoid prosecution: http://kra-penalties.org"
phishing,Warning: Your mailbox is almost full. Upgrade your storage by clicking the link.
phishing,Final Notice: Your invoice #8523 is overdue. Download the attached PDF to view details.
legitimate,"Safaricom: You have received KES 5,000 from John Doe. New M-PESA balance is KES 15,200."
phishing,"KRA Alert: You have a pending tax penalty of KES 5,000. Pay immediately via this link to avoid prosecution: http://kra-penalties.org"
legitimate,Just checking in to see how the project is going. Let me know if you need help.
legitimate,KRA: Your tax returns for the year have been filed successfully.
legitimate,I'll be out of the office next week on vacation. Please contact Sarah for urgent issues.
phishing,"Dear Parent, this is your child's teacher. Please send 2000 bob for an urgent school trip to this number: 0712345678"
phishing,You have a pending tax refund. Click here to fill out the form and claim your money.
phishing,Please review the attached secure document from HR regarding your salary update.
phishing,Final Notice: Your invoice #2660 is overdue. Download the attached PDF to view details.
legitimate,KRA: Your tax returns for the year have been filed successfully.
legitimate,Are you available for a quick sync later today?
phishing,Your KPLC prepaid meter will be disconnected today. Pay outstanding balance here: http://kplc-payment.net
phishing,"Hustler Fund Alert: Your loan of KES 10,000 has been approved. Pay a registration fee of KES 200 to this till number to receive it."
phishing,"Dear Customer, your Equity Bank account will be blocked today due to lack of KYC update. Click here to update: http://equity-update.com"
phishing,"Dear Customer, your Equity Bank account will be blocked today due to lack of KYC update. Click here to update: http://equity-update.com"
phishing,Warning: Your mailbox is almost full. Upgrade your storage by clicking the link.
phishing,Urgent: Your account has been suspended. Click here urgent to verify your identity.
phishing,Final Notice: Your invoice #9992 is overdue. Download the attached PDF to view details.
legitimate,Your KPLC Token is 1234 5678 9012 3456 7890. Amount: KES 1000. Units: 45.2
phishing,Alert: Someone tried to access your bank account from a new device. Secure it now.
phishing,"Warning! M-Shwari loan limit decreased. Click here to increase your limit back to KES 30,000. urgent"
phishing,URGENT: Your M-Pesa account has been suspended. Click here to verify your identity http://mpesa-verify.duckdns.org/verify?id=9193
legitimate,"Equity Bank: Your salary of KES 45,000 has been deposited to account ending in 4521."
phishing,Fuliza Limit Warning: Your Fuliza limit will be reduced to 0. Reply with your PIN to prevent this.
legitimate,"Hi, I have sent the 2k via M-Pesa. Let me know if you receive it."
legitimate,Thanks for reaching out! I'll get back to you as soon as possible.
legitimate,I'll be out of the office next week on vacation. Please contact Sarah for urgent issues.
phishing,"KRA Alert: You have a pending tax penalty of KES 5,000. Pay immediately via this link to avoid prosecution: http://kra-penalties.org"
legitimate,"Equity Bank: Your salary of KES 45,000 has been deposited to account ending in 4521."
phishing,Helb Loan disbursement delayed! Kindly click http://helb-portal-login.com to update your bank details immediately.
phishing,Congratulations! You are our lucky winner today. Click here to claim your reward.
phishing,"KRA Alert: You have a pending tax penalty of KES 5,000. Pay immediately via this link to avoid prosecution: http://kra-penalties.org"
phishing,"urgent Dear Customer, your Equity Bank account will be blocked today due to lack of KYC update. Click here to update: http://equity-update.com"
legitimate,Just checking in to see how the project is going. Let me know if you need help.
legitimate,Are you available for a quick sync later today?
legitimate,KRA: Your tax returns for the year have been filed successfully.
phishing,Final Notice: Your invoice #9151 is overdue. Download the attached PDF to view details.
legitimate,"Equity Bank: Your salary of KES 45,000 has been deposited to account ending in 4521."
phishing,Warning: Your mailbox is almost full. Upgrade your urgent storage by clicking the link.
phishing,Your Apple ID has been locked for security reasons. Verify your account at the link below.
phishing,Alert: Someone tried to access your bank account from a new device. Secure it now.
phishing,Urgent: Your account has been suspended. Click here to verify your identity.
phishing,"Dear customer, your package could not be delivered. Pay the shipping fee here."
legitimate,"Hi, I have sent the 2k via M-Pesa. Let me know if you receive it."
legitimate,"Hi team, just a reminder about our meeting at 2 PM today. See you there."
phishing,"Dear customer, your package could not be delivered. Pay the shipping fee here."
legitimate,"Equity Bank: Your salary of KES 45,000 has been deposited to account ending in 4521."
phishing,Fuliza Limit Warning: Your Fuliza limit will be reduced to 0. Reply with your PIN to prevent this.
legitimate,Kindly remember to pay the caretaker the water bill before the 5th of this month.
legitimate,Don't forget to submit your timesheets by Friday afternoon.
legitimate,Please find the meeting minutes attached for your review.
legitimate,Your flight to Chicago is confirmed. Here is your itinerary.
legitimate,"Hey, are we still on for lunch tomorrow? Let me know what time works for you."
phishing,"Dear customer, your package could not be delivered. Pay the shipping fee here."
phishing,Warning: Your mailbox is almost urgent full. Upgrade your storage by clicking the link.
legitimate,"Hey, are we still on for lunch tomorrow? Let me know what time works for you."
legitimate,Safaricom: Your data bundle is below 10MB. Dial *544# to buy another bundle.
phishing,You have a pending tax refund. Click here to fill out the form and claim your money.
legitimate,Don't forget to submit your timesheets by Friday afternoon.
legitimate,Happy Birthday! Hope you have a wonderful day celebrating.
phishing,Final Notice: Your invoice #3532 is overdue. Download the attached PDF to view details.
legitimate,Just checking in to see how the project is going. Let me know if you need help.
phishing,Urgent: Your account has been suspended. Click here to verify your urgent identity.
phishing,URGENT: Your M-Pesa account has been suspended. Click here to verify your identity http://mpesa-verify.duckdns.org/verify?id=7738
legitimate,Just checking in to see how the project is going. Let me know if you need help.
legitimate,"Hi, I have sent the 2k via M-Pesa. Let me know if you receive it."
phishing,Fuliza Limit Warning: Your Fuliza limit will be reduced to 0. Reply with your PIN to prevent this.
phishing,Your Netflix subscription has expired. Update your payment details to continue watching.
phishing,"Safaricom: Congratulations! You have won KES 50,000 in the Shinda Mawe promotion. Call 0722000000 to claim."
legitimate,Attached is the report you requested for Q3. Let me know if you need any changes.
phishing,"Safaricom: Congratulations! You have won KES 50,000 in the Shinda Mawe promotion. Call 0722000000 to claim."
phishing,You have a pending tax refund. Click here to fill out the form and claim your money.
legitimate,"Hey, are we still on for lunch tomorrow? Let me know what time works for you."
phishing,You have won a $1000 Walmart gift card! Claim your prize now at urgent this link.
legitimate,Your KPLC Token is 1234 5678 9012 3456 7890. Amount: KES 1000. Units: 45.2
legitimate,"Hi, I have sent the 2k via M-Pesa. Let me know if you receive it."
legitimate,KRA: Your tax returns for the year have been filed successfully.
phishing,"Dear Customer, your Equity Bank account will be blocked today due to lack of KYC update. Click here to update: http://equity-update.com"
legitimate,"Safaricom: You have received KES 5,000 from John Doe. New M-PESA balance is KES 15,200."
phishing,Congratulations! You are our lucky winner today. Click here to claim your reward.
phishing,Alert: Someone tried to access your bank account from a new device. Secure it now.
legitimate,"Equity Bank: Your salary of KES 45,000 has been deposited to account ending in 4521."
phishing,Fuliza Limit Warning: Your Fuliza limit will be reduced to 0. Reply with your PIN to prevent this.
phishing,Congratulations! You are our lucky winner today. Click here to claim your reward.
legitimate,"Hi team, just a reminder about our meeting at 2 PM today. See you there."
legitimate,Your KPLC Token is 1234 5678 9012 3456 7890. Amount: KES 1000. Units: 45.2
legitimate,Your KPLC Token is 1234 5678 9012 3456 7890. Amount: KES 1000. Units: 45.2
phishing,Your PayPal account is restricted. Please update your billing information within 24 hours.
legitimate,Safaricom: Your data bundle is below 10MB. Dial *544# to buy another bundle.
phishing,Please review the attached secure document from HR regarding your salary update.
phishing,Exclusive offer! Buy cheap medications online without prescription.
legitimate,"Hi, I have sent the 2k via M-Pesa. Let me know if you receive it."
legitimate,Your flight to Chicago is confirmed. Here is your itinerary.
legitimate,Happy Birthday! Hope you have a wonderful day celebrating.
phishing,"Dear Parent, this is your child's teacher. Please send 2000 bob for an urgent school trip to this number: 0712345678"
legitimate,Thanks for reaching out! I'll get back to you as soon as possible.
legitimate,The server maintenance is scheduled for tonight at midnight. Expect brief downtime.
phishing,"Safaricom: Congratulations! You have won KES 50,000 in the Shinda Mawe promotion. Call 0722000000 to urgent claim."
phishing,Your PayPal account is restricted. Please update your billing information within 24 hours.
legitimate,"Hi team, just a reminder about our meeting at 2 PM today. See you there."
phishing,"Warning! M-Shwari loan limit decreased. Click here to increase your limit back to KES 30,000."
legitimate,"Hi, I have sent the 2k via M-Pesa. Let me know if you receive it."
legitimate,Thank you for your recent purchase. Your receipt is attached.
legitimate,Reminder: The tech meetup at iHub starts at 9:00 AM on Saturday.
phishing,Helb Loan disbursement delayed! Kindly click http://helb-portal-login.com to update your bank details immediately.
phishing,Alert: Someone tried to access your bank account from a new urgent device. Secure it now.
legitimate,Your Amazon order #2850 has shipped and will arrive by tomorrow.
legitimate,Happy Birthday! Hope you have a wonderful day celebrating.
legitimate,Please find the meeting minutes attached for your review.
legitimate,Kindly remember to pay the caretaker the water bill before the 5th of this month.
legitimate,Please find the meeting minutes attached for your review.
legitimate,Your Amazon order #9195 has shipped and will arrive by tomorrow.
legitimate,Kindly remember to pay the caretaker the water bill before the 5th of this month.
legitimate,"Hi team, just a reminder about our meeting at 2 PM today. See you there."
phishing,Please review the attached secure document from HR regarding your salary update.
phishing,You have a pending tax refund. Click here to fill out the form and claim your money.
phishing,Fuliza Limit Warning: Your Fuliza limit will be reduced to 0. Reply with your PIN to prevent this.
legitimate,Reminder: The tech meetup at iHub starts at 9:00 AM on Saturday.
legitimate,"Hi team, just a reminder about our meeting at 2 PM today. See you there."
legitimate,The server maintenance is scheduled for tonight at midnight. Expect brief downtime.
legitimate,Please find the meeting minutes attached for your review.
phishing,Your KPLC prepaid meter will be disconnected today. urgent Pay outstanding balance here: http://kplc-payment.net
legitimate,Are you available for a quick sync later today?
legitimate,Attached is the report you requested for Q3. Let me know if you need any changes.
legitimate,Your flight to Chicago is confirmed. Here is your itinerary.
phishing,Alert: Someone tried to access your bank account from a new device. Secure it now.
legitimate,Happy Birthday! Hope you have a wonderful day celebrating.
legitimate,Can you please review this code PR when you have a moment?
